conflict_id,link_id_a,link_id_b,device_class,conflict_type,min_frequency_separation_khz,min_spatial_separation_m,hard_constraint,reason,source
CF-0001,LK-0001,LK-0002,HF,ADJACENT_CHANNEL_NEAR_PATH,24.0,60000,false,近距离相邻信道需保护间隔,DERIVED_TOPOLOGY
CF-0002,LK-0001,LK-0004,HF,ADJACENT_CHANNEL_NEAR_PATH,24.0,60000,false,近距离相邻信道需保护间隔,DERIVED_TOPOLOGY
CF-0003,LK-0001,LK-0006,HF,ADJACENT_CHANNEL_NEAR_PATH,0.5,60000,false,近距离相邻信道需保护间隔,DERIVED_TOPOLOGY
CF-0004,LK-0001,LK-0007,HF,ADJACENT_CHANNEL_NEAR_PATH,24.0,60000,false,近距离相邻信道需保护间隔,DERIVED_TOPOLOGY
CF-0005,LK-0001,LK-0009,HF,ADJACENT_CHANNEL_NEAR_PATH,24.0,60000,false,近距离相邻信道需保护间隔,DERIVED_TOPOLOGY
CF-0006,LK-0001,LK-0011,HF,ADJACENT_CHANNEL_NEAR_PATH,24.0,60000,false,近距离相邻信道需保护间隔,DERIVED_TOPOLOGY
CF-0007,LK-0001,LK-0012,HF,SHARED_NODE,0.5,0,true,共享节点不可同频复用,DERIVED_TOPOLOGY
CF-0008,LK-0001,LK-0013,HF,ADJACENT_CHANNEL_NEAR_PATH,0.5,60000,false,近距离相邻信道需保护间隔,DERIVED_TOPOLOGY
CF-0009,LK-0001,LK-0014,HF,ADJACENT_CHANNEL_NEAR_PATH,0.5,60000,false,近距离相邻信道需保护间隔,DERIVED_TOPOLOGY
CF-0010,LK-0001,LK-0015,HF,ADJACENT_CHANNEL_NEAR_PATH,24.0,60000,false,近距离相邻信道需保护间隔,DERIVED_TOPOLOGY
CF-0011,LK-0001,LK-0017,HF,ADJACENT_CHANNEL_NEAR_PATH,24.0,60000,false,近距离相邻信道需保护间隔,DERIVED_TOPOLOGY
CF-0012,LK-0001,LK-0018,HF,ADJACENT_CHANNEL_NEAR_PATH,24.0,60000,false,近距离相邻信道需保护间隔,DERIVED_TOPOLOGY
CF-0013,LK-0001,LK-0020,HF,ADJACENT_CHANNEL_NEAR_PATH,24.0,60000,false,近距离相邻信道需保护间隔,DERIVED_TOPOLOGY
CF-0014,LK-0001,LK-0021,HF,ADJACENT_CHANNEL_NEAR_PATH,0.5,60000,false,近距离相邻信道需保护间隔,DERIVED_TOPOLOGY
CF-0015,LK-0001,LK-0022,HF,ADJACENT_CHANNEL_NEAR_PATH,24.0,60000,false,近距离相邻信道需保护间隔,DERIVED_TOPOLOGY
CF-0016,LK-0001,LK-0025,HF,ADJACENT_CHANNEL_NEAR_PATH,0.5,60000,false,近距离相邻信道需保护间隔,DERIVED_TOPOLOGY
CF-0017,LK-0001,LK-0026,HF,ADJACENT_CHANNEL_NEAR_PATH,24.0,60000,false,近距离相邻信道需保护间隔,DERIVED_TOPOLOGY
CF-0018,LK-0001,LK-0028,HF,ADJACENT_CHANNEL_NEAR_PATH,3.0,60000,false,近距离相邻信道需保护间隔,DERIVED_TOPOLOGY
CF-0019,LK-0001,LK-0029,HF,ADJACENT_CHANNEL_NEAR_PATH,24.0,60000,false,近距离相邻信道需保护间隔,DERIVED_TOPOLOGY
CF-0020,LK-0001,LK-0031,HF,SHARED_NODE,0.5,0,true,共享节点不可同频复用,DERIVED_TOPOLOGY
CF-0021,LK-0001,LK-0032,HF,ADJACENT_CHANNEL_NEAR_PATH,24.0,60000,false,近距离相邻信道需保护间隔,DERIVED_TOPOLOGY
CF-0022,LK-0001,LK-0033,HF,ADJACENT_CHANNEL_NEAR_PATH,0.5,60000,false,近距离相邻信道需保护间隔,DERIVED_TOPOLOGY
CF-0023,LK-0001,LK-0034,HF,ADJACENT_CHANNEL_NEAR_PATH,24.0,60000,false,近距离相邻信道需保护间隔,DERIVED_TOPOLOGY
CF-0024,LK-0001,LK-0035,HF,ADJACENT_CHANNEL_NEAR_PATH,0.5,60000,false,近距离相邻信道需保护间隔,DERIVED_TOPOLOGY
CF-0025,LK-0001,LK-0036,HF,ADJACENT_CHANNEL_NEAR_PATH,0.5,60000,false,近距离相邻信道需保护间隔,DERIVED_TOPOLOGY
CF-0026,LK-0001,LK-0040,HF,ADJACENT_CHANNEL_NEAR_PATH,0.5,60000,false,近距离相邻信道需保护间隔,DERIVED_TOPOLOGY
CF-0027,LK-0001,LK-0042,HF,ADJACENT_CHANNEL_NEAR_PATH,0.5,60000,false,近距离相邻信道需保护间隔,DERIVED_TOPOLOGY
CF-0028,LK-0001,LK-0043,HF,ADJACENT_CHANNEL_NEAR_PATH,24.0,60000,false,近距离相邻信道需保护间隔,DERIVED_TOPOLOGY
CF-0029,LK-0001,LK-0044,HF,ADJACENT_CHANNEL_NEAR_PATH,3.0,60000,false,近距离相邻信道需保护间隔,DERIVED_TOPOLOGY
CF-0030,LK-0001,LK-0045,HF,ADJACENT_CHANNEL_NEAR_PATH,24.0,60000,false,近距离相邻信道需保护间隔,DERIVED_TOPOLOGY
CF-0031,LK-0001,LK-0052,HF,ADJACENT_CHANNEL_NEAR_PATH,24.0,60000,false,近距离相邻信道需保护间隔,DERIVED_TOPOLOGY
CF-0032,LK-0001,LK-0055,HF,ADJACENT_CHANNEL_NEAR_PATH,24.0,60000,false,近距离相邻信道需保护间隔,DERIVED_TOPOLOGY
CF-0033,LK-0001,LK-0056,HF,SHARED_NODE,24.0,0,true,共享节点不可同频复用,DERIVED_TOPOLOGY
CF-0034,LK-0001,LK-0059,HF,ADJACENT_CHANNEL_NEAR_PATH,24.0,60000,false,近距离相邻信道需保护间隔,DERIVED_TOPOLOGY
CF-0035,LK-0001,LK-0063,HF,ADJACENT_CHANNEL_NEAR_PATH,24.0,60000,false,近距离相邻信道需保护间隔,DERIVED_TOPOLOGY
CF-0036,LK-0001,LK-0064,HF,ADJACENT_CHANNEL_NEAR_PATH,0.5,60000,false,近距离相邻信道需保护间隔,DERIVED_TOPOLOGY
CF-0037,LK-0001,LK-0065,HF,ADJACENT_CHANNEL_NEAR_PATH,24.0,60000,false,近距离相邻信道需保护间隔,DERIVED_TOPOLOGY
CF-0038,LK-0001,LK-0070,HF,ADJACENT_CHANNEL_NEAR_PATH,0.5,60000,false,近距离相邻信道需保护间隔,DERIVED_TOPOLOGY
CF-0039,LK-0001,LK-0071,HF,ADJACENT_CHANNEL_NEAR_PATH,0.5,60000,false,近距离相邻信道需保护间隔,DERIVED_TOPOLOGY
CF-0040,LK-0001,LK-0073,HF,SHARED_NODE,24.0,0,true,共享节点不可同频复用,DERIVED_TOPOLOGY
CF-0041,LK-0001,LK-0076,HF,ADJACENT_CHANNEL_NEAR_PATH,0.5,60000,false,近距离相邻信道需保护间隔,DERIVED_TOPOLOGY
CF-0042,LK-0001,LK-0084,HF,ADJACENT_CHANNEL_NEAR_PATH,0.5,60000,false,近距离相邻信道需保护间隔,DERIVED_TOPOLOGY
CF-0043,LK-0001,LK-0085,HF,ADJACENT_CHANNEL_NEAR_PATH,24.0,60000,false,近距离相邻信道需保护间隔,DERIVED_TOPOLOGY
CF-0044,LK-0001,LK-0089,HF,SHARED_NODE,0.5,0,true,共享节点不可同频复用,DERIVED_TOPOLOGY
CF-0045,LK-0001,LK-0091,HF,ADJACENT_CHANNEL_NEAR_PATH,24.0,60000,false,近距离相邻信道需保护间隔,DERIVED_TOPOLOGY
CF-0046,LK-0001,LK-0092,HF,ADJACENT_CHANNEL_NEAR_PATH,24.0,60000,false,近距离相邻信道需保护间隔,DERIVED_TOPOLOGY
CF-0047,LK-0001,LK-0100,HF,ADJACENT_CHANNEL_NEAR_PATH,24.0,60000,false,近距离相邻信道需保护间隔,DERIVED_TOPOLOGY
CF-0048,LK-0001,LK-0101,HF,ADJACENT_CHANNEL_NEAR_PATH,0.5,60000,false,近距离相邻信道需保护间隔,DERIVED_TOPOLOGY
CF-0049,LK-0001,LK-0103,HF,ADJACENT_CHANNEL_NEAR_PATH,24.0,60000,false,近距离相邻信道需保护间隔,DERIVED_TOPOLOGY
CF-0050,LK-0001,LK-0105,HF,ADJACENT_CHANNEL_NEAR_PATH,24.0,60000,false,近距离相邻信道需保护间隔,DERIVED_TOPOLOGY
CF-0051,LK-0001,LK-0108,HF,ADJACENT_CHANNEL_NEAR_PATH,24.0,60000,false,近距离相邻信道需保护间隔,DERIVED_TOPOLOGY
CF-0052,LK-0001,LK-0112,HF,ADJACENT_CHANNEL_NEAR_PATH,24.0,60000,false,近距离相邻信道需保护间隔,DERIVED_TOPOLOGY
CF-0053,LK-0001,LK-0417,HF,SHARED_NODE,24.0,0,true,共享节点不可同频复用,DERIVED_TOPOLOGY
CF-0054,LK-0002,LK-0004,HF,ADJACENT_CHANNEL_NEAR_PATH,24.0,60000,false,近距离相邻信道需保护间隔,DERIVED_TOPOLOGY
CF-0055,LK-0002,LK-0006,HF,ADJACENT_CHANNEL_NEAR_PATH,24.0,60000,false,近距离相邻信道需保护间隔,DERIVED_TOPOLOGY
CF-0056,LK-0002,LK-0007,HF,ADJACENT_CHANNEL_NEAR_PATH,24.0,60000,false,近距离相邻信道需保护间隔,DERIVED_TOPOLOGY
CF-0057,LK-0002,LK-0009,HF,ADJACENT_CHANNEL_NEAR_PATH,24.0,60000,false,近距离相邻信道需保护间隔,DERIVED_TOPOLOGY
CF-0058,LK-0002,LK-0011,HF,ADJACENT_CHANNEL_NEAR_PATH,24.0,60000,false,近距离相邻信道需保护间隔,DERIVED_TOPOLOGY
CF-0059,LK-0002,LK-0012,HF,ADJACENT_CHANNEL_NEAR_PATH,24.0,60000,false,近距离相邻信道需保护间隔,DERIVED_TOPOLOGY
CF-0060,LK-0002,LK-0013,HF,ADJACENT_CHANNEL_NEAR_PATH,24.0,60000,false,近距离相邻信道需保护间隔,DERIVED_TOPOLOGY
CF-0061,LK-0002,LK-0014,HF,ADJACENT_CHANNEL_NEAR_PATH,24.0,60000,false,近距离相邻信道需保护间隔,DERIVED_TOPOLOGY
CF-0062,LK-0002,LK-0015,HF,ADJACENT_CHANNEL_NEAR_PATH,24.0,60000,false,近距离相邻信道需保护间隔,DERIVED_TOPOLOGY
CF-0063,LK-0002,LK-0017,HF,ADJACENT_CHANNEL_NEAR_PATH,24.0,60000,false,近距离相邻信道需保护间隔,DERIVED_TOPOLOGY
CF-0064,LK-0002,LK-0018,HF,ADJACENT_CHANNEL_NEAR_PATH,24.0,60000,false,近距离相邻信道需保护间隔,DERIVED_TOPOLOGY
CF-0065,LK-0002,LK-0020,HF,ADJACENT_CHANNEL_NEAR_PATH,24.0,60000,false,近距离相邻信道需保护间隔,DERIVED_TOPOLOGY
CF-0066,LK-0002,LK-0021,HF,ADJACENT_CHANNEL_NEAR_PATH,24.0,60000,false,近距离相邻信道需保护间隔,DERIVED_TOPOLOGY
CF-0067,LK-0002,LK-0022,HF,ADJACENT_CHANNEL_NEAR_PATH,24.0,60000,false,近距离相邻信道需保护间隔,DERIVED_TOPOLOGY
CF-0068,LK-0002,LK-0025,HF,ADJACENT_CHANNEL_NEAR_PATH,24.0,60000,false,近距离相邻信道需保护间隔,DERIVED_TOPOLOGY
CF-0069,LK-0002,LK-0026,HF,ADJACENT_CHANNEL_NEAR_PATH,24.0,60000,false,近距离相邻信道需保护间隔,DERIVED_TOPOLOGY
CF-0070,LK-0002,LK-0028,HF,ADJACENT_CHANNEL_NEAR_PATH,24.0,60000,false,近距离相邻信道需保护间隔,DERIVED_TOPOLOGY
CF-0071,LK-0002,LK-0029,HF,ADJACENT_CHANNEL_NEAR_PATH,24.0,60000,false,近距离相邻信道需保护间隔,DERIVED_TOPOLOGY
CF-0072,LK-0002,LK-0031,HF,ADJACENT_CHANNEL_NEAR_PATH,24.0,60000,false,近距离相邻信道需保护间隔,DERIVED_TOPOLOGY
CF-0073,LK-0002,LK-0032,HF,ADJACENT_CHANNEL_NEAR_PATH,24.0,60000,false,近距离相邻信道需保护间隔,DERIVED_TOPOLOGY
CF-0074,LK-0002,LK-0033,HF,ADJACENT_CHANNEL_NEAR_PATH,24.0,60000,false,近距离相邻信道需保护间隔,DERIVED_TOPOLOGY
CF-0075,LK-0002,LK-0034,HF,ADJACENT_CHANNEL_NEAR_PATH,24.0,60000,false,近距离相邻信道需保护间隔,DERIVED_TOPOLOGY
CF-0076,LK-0002,LK-0035,HF,ADJACENT_CHANNEL_NEAR_PATH,24.0,60000,false,近距离相邻信道需保护间隔,DERIVED_TOPOLOGY
CF-0077,LK-0002,LK-0036,HF,ADJACENT_CHANNEL_NEAR_PATH,24.0,60000,false,近距离相邻信道需保护间隔,DERIVED_TOPOLOGY
CF-0078,LK-0002,LK-0040,HF,ADJACENT_CHANNEL_NEAR_PATH,24.0,60000,false,近距离相邻信道需保护间隔,DERIVED_TOPOLOGY
CF-0079,LK-0002,LK-0042,HF,ADJACENT_CHANNEL_NEAR_PATH,24.0,60000,false,近距离相邻信道需保护间隔,DERIVED_TOPOLOGY
CF-0080,LK-0002,LK-0043,HF,ADJACENT_CHANNEL_NEAR_PATH,24.0,60000,false,近距离相邻信道需保护间隔,DERIVED_TOPOLOGY
CF-0081,LK-0002,LK-0044,HF,ADJACENT_CHANNEL_NEAR_PATH,24.0,60000,false,近距离相邻信道需保护间隔,DERIVED_TOPOLOGY
CF-0082,LK-0002,LK-0045,HF,ADJACENT_CHANNEL_NEAR_PATH,24.0,60000,false,近距离相邻信道需保护间隔,DERIVED_TOPOLOGY
CF-0083,LK-0002,LK-0052,HF,ADJACENT_CHANNEL_NEAR_PATH,24.0,60000,false,近距离相邻信道需保护间隔,DERIVED_TOPOLOGY
CF-0084,LK-0002,LK-0055,HF,ADJACENT_CHANNEL_NEAR_PATH,24.0,60000,false,近距离相邻信道需保护间隔,DERIVED_TOPOLOGY
CF-0085,LK-0002,LK-0056,HF,ADJACENT_CHANNEL_NEAR_PATH,24.0,60000,false,近距离相邻信道需保护间隔,DERIVED_TOPOLOGY
CF-0086,LK-0002,LK-0059,HF,ADJACENT_CHANNEL_NEAR_PATH,24.0,60000,false,近距离相邻信道需保护间隔,DERIVED_TOPOLOGY
CF-0087,LK-0002,LK-0063,HF,ADJACENT_CHANNEL_NEAR_PATH,24.0,60000,false,近距离相邻信道需保护间隔,DERIVED_TOPOLOGY
CF-0088,LK-0002,LK-0064,HF,ADJACENT_CHANNEL_NEAR_PATH,24.0,60000,false,近距离相邻信道需保护间隔,DERIVED_TOPOLOGY
CF-0089,LK-0002,LK-0065,HF,ADJACENT_CHANNEL_NEAR_PATH,24.0,60000,false,近距离相邻信道需保护间隔,DERIVED_TOPOLOGY
CF-0090,LK-0002,LK-0070,HF,ADJACENT_CHANNEL_NEAR_PATH,24.0,60000,false,近距离相邻信道需保护间隔,DERIVED_TOPOLOGY
CF-0091,LK-0002,LK-0071,HF,ADJACENT_CHANNEL_NEAR_PATH,24.0,60000,false,近距离相邻信道需保护间隔,DERIVED_TOPOLOGY
CF-0092,LK-0002,LK-0073,HF,ADJACENT_CHANNEL_NEAR_PATH,24.0,60000,false,近距离相邻信道需保护间隔,DERIVED_TOPOLOGY
CF-0093,LK-0002,LK-0076,HF,ADJACENT_CHANNEL_NEAR_PATH,24.0,60000,false,近距离相邻信道需保护间隔,DERIVED_TOPOLOGY
CF-0094,LK-0002,LK-0084,HF,ADJACENT_CHANNEL_NEAR_PATH,24.0,60000,false,近距离相邻信道需保护间隔,DERIVED_TOPOLOGY
CF-0095,LK-0002,LK-0085,HF,ADJACENT_CHANNEL_NEAR_PATH,24.0,60000,false,近距离相邻信道需保护间隔,DERIVED_TOPOLOGY
CF-0096,LK-0002,LK-0089,HF,ADJACENT_CHANNEL_NEAR_PATH,24.0,60000,false,近距离相邻信道需保护间隔,DERIVED_TOPOLOGY
CF-0097,LK-0002,LK-0091,HF,ADJACENT_CHANNEL_NEAR_PATH,24.0,60000,false,近距离相邻信道需保护间隔,DERIVED_TOPOLOGY
CF-0098,LK-0002,LK-0092,HF,SHARED_NODE,24.0,0,true,共享节点不可同频复用,DERIVED_TOPOLOGY
CF-0099,LK-0002,LK-0100,HF,ADJACENT_CHANNEL_NEAR_PATH,24.0,60000,false,近距离相邻信道需保护间隔,DERIVED_TOPOLOGY
CF-0100,LK-0002,LK-0101,HF,ADJACENT_CHANNEL_NEAR_PATH,24.0,60000,false,近距离相邻信道需保护间隔,DERIVED_TOPOLOGY
CF-0101,LK-0002,LK-0103,HF,ADJACENT_CHANNEL_NEAR_PATH,24.0,60000,false,近距离相邻信道需保护间隔,DERIVED_TOPOLOGY
CF-0102,LK-0002,LK-0105,HF,ADJACENT_CHANNEL_NEAR_PATH,24.0,60000,false,近距离相邻信道需保护间隔,DERIVED_TOPOLOGY
CF-0103,LK-0002,LK-0108,HF,SHARED_NODE,24.0,0,true,共享节点不可同频复用,DERIVED_TOPOLOGY
CF-0104,LK-0002,LK-0112,HF,ADJACENT_CHANNEL_NEAR_PATH,24.0,60000,false,近距离相邻信道需保护间隔,DERIVED_TOPOLOGY
CF-0105,LK-0002,LK-0136,HF,SHARED_NODE,24.0,0,true,共享节点不可同频复用,DERIVED_TOPOLOGY
CF-0106,LK-0002,LK-0151,HF,SHARED_NODE,24.0,0,true,共享节点不可同频复用,DERIVED_TOPOLOGY
CF-0107,LK-0002,LK-0476,HF,SHARED_NODE,24.0,0,true,共享节点不可同频复用,DERIVED_TOPOLOGY
CF-0108,LK-0004,LK-0006,HF,ADJACENT_CHANNEL_NEAR_PATH,24.0,60000,false,近距离相邻信道需保护间隔,DERIVED_TOPOLOGY
CF-0109,LK-0004,LK-0007,HF,ADJACENT_CHANNEL_NEAR_PATH,24.0,60000,false,近距离相邻信道需保护间隔,DERIVED_TOPOLOGY
CF-0110,LK-0004,LK-0009,HF,ADJACENT_CHANNEL_NEAR_PATH,24.0,60000,false,近距离相邻信道需保护间隔,DERIVED_TOPOLOGY
CF-0111,LK-0004,LK-0011,HF,ADJACENT_CHANNEL_NEAR_PATH,24.0,60000,false,近距离相邻信道需保护间隔,DERIVED_TOPOLOGY
CF-0112,LK-0004,LK-0012,HF,ADJACENT_CHANNEL_NEAR_PATH,24.0,60000,false,近距离相邻信道需保护间隔,DERIVED_TOPOLOGY
CF-0113,LK-0004,LK-0013,HF,ADJACENT_CHANNEL_NEAR_PATH,24.0,60000,false,近距离相邻信道需保护间隔,DERIVED_TOPOLOGY
CF-0114,LK-0004,LK-0014,HF,ADJACENT_CHANNEL_NEAR_PATH,24.0,60000,false,近距离相邻信道需保护间隔,DERIVED_TOPOLOGY
CF-0115,LK-0004,LK-0015,HF,ADJACENT_CHANNEL_NEAR_PATH,24.0,60000,false,近距离相邻信道需保护间隔,DERIVED_TOPOLOGY
CF-0116,LK-0004,LK-0017,HF,ADJACENT_CHANNEL_NEAR_PATH,24.0,60000,false,近距离相邻信道需保护间隔,DERIVED_TOPOLOGY
CF-0117,LK-0004,LK-0018,HF,ADJACENT_CHANNEL_NEAR_PATH,24.0,60000,false,近距离相邻信道需保护间隔,DERIVED_TOPOLOGY
CF-0118,LK-0004,LK-0020,HF,ADJACENT_CHANNEL_NEAR_PATH,24.0,60000,false,近距离相邻信道需保护间隔,DERIVED_TOPOLOGY
CF-0119,LK-0004,LK-0021,HF,ADJACENT_CHANNEL_NEAR_PATH,24.0,60000,false,近距离相邻信道需保护间隔,DERIVED_TOPOLOGY
CF-0120,LK-0004,LK-0022,HF,ADJACENT_CHANNEL_NEAR_PATH,24.0,60000,false,近距离相邻信道需保护间隔,DERIVED_TOPOLOGY
CF-0121,LK-0004,LK-0025,HF,ADJACENT_CHANNEL_NEAR_PATH,24.0,60000,false,近距离相邻信道需保护间隔,DERIVED_TOPOLOGY
CF-0122,LK-0004,LK-0026,HF,ADJACENT_CHANNEL_NEAR_PATH,24.0,60000,false,近距离相邻信道需保护间隔,DERIVED_TOPOLOGY
CF-0123,LK-0004,LK-0028,HF,ADJACENT_CHANNEL_NEAR_PATH,24.0,60000,false,近距离相邻信道需保护间隔,DERIVED_TOPOLOGY
CF-0124,LK-0004,LK-0029,HF,ADJACENT_CHANNEL_NEAR_PATH,24.0,60000,false,近距离相邻信道需保护间隔,DERIVED_TOPOLOGY
CF-0125,LK-0004,LK-0031,HF,ADJACENT_CHANNEL_NEAR_PATH,24.0,60000,false,近距离相邻信道需保护间隔,DERIVED_TOPOLOGY
CF-0126,LK-0004,LK-0032,HF,ADJACENT_CHANNEL_NEAR_PATH,24.0,60000,false,近距离相邻信道需保护间隔,DERIVED_TOPOLOGY
CF-0127,LK-0004,LK-0033,HF,ADJACENT_CHANNEL_NEAR_PATH,24.0,60000,false,近距离相邻信道需保护间隔,DERIVED_TOPOLOGY
CF-0128,LK-0004,LK-0034,HF,ADJACENT_CHANNEL_NEAR_PATH,24.0,60000,false,近距离相邻信道需保护间隔,DERIVED_TOPOLOGY
CF-0129,LK-0004,LK-0035,HF,ADJACENT_CHANNEL_NEAR_PATH,24.0,60000,false,近距离相邻信道需保护间隔,DERIVED_TOPOLOGY
CF-0130,LK-0004,LK-0036,HF,ADJACENT_CHANNEL_NEAR_PATH,24.0,60000,false,近距离相邻信道需保护间隔,DERIVED_TOPOLOGY
CF-0131,LK-0004,LK-0040,HF,ADJACENT_CHANNEL_NEAR_PATH,24.0,60000,false,近距离相邻信道需保护间隔,DERIVED_TOPOLOGY
CF-0132,LK-0004,LK-0042,HF,ADJACENT_CHANNEL_NEAR_PATH,24.0,60000,false,近距离相邻信道需保护间隔,DERIVED_TOPOLOGY
CF-0133,LK-0004,LK-0043,HF,ADJACENT_CHANNEL_NEAR_PATH,24.0,60000,false,近距离相邻信道需保护间隔,DERIVED_TOPOLOGY
CF-0134,LK-0004,LK-0044,HF,ADJACENT_CHANNEL_NEAR_PATH,24.0,60000,false,近距离相邻信道需保护间隔,DERIVED_TOPOLOGY
CF-0135,LK-0004,LK-0045,HF,ADJACENT_CHANNEL_NEAR_PATH,24.0,60000,false,近距离相邻信道需保护间隔,DERIVED_TOPOLOGY
CF-0136,LK-0004,LK-0052,HF,ADJACENT_CHANNEL_NEAR_PATH,24.0,60000,false,近距离相邻信道需保护间隔,DERIVED_TOPOLOGY
CF-0137,LK-0004,LK-0055,HF,ADJACENT_CHANNEL_NEAR_PATH,24.0,60000,false,近距离相邻信道需保护间隔,DERIVED_TOPOLOGY
CF-0138,LK-0004,LK-0056,HF,ADJACENT_CHANNEL_NEAR_PATH,24.0,60000,false,近距离相邻信道需保护间隔,DERIVED_TOPOLOGY
CF-0139,LK-0004,LK-0059,HF,ADJACENT_CHANNEL_NEAR_PATH,24.0,60000,false,近距离相邻信道需保护间隔,DERIVED_TOPOLOGY
CF-0140,LK-0004,LK-0063,HF,ADJACENT_CHANNEL_NEAR_PATH,24.0,60000,false,近距离相邻信道需保护间隔,DERIVED_TOPOLOGY
CF-0141,LK-0004,LK-0064,HF,ADJACENT_CHANNEL_NEAR_PATH,24.0,60000,false,近距离相邻信道需保护间隔,DERIVED_TOPOLOGY
CF-0142,LK-0004,LK-0065,HF,ADJACENT_CHANNEL_NEAR_PATH,24.0,60000,false,近距离相邻信道需保护间隔,DERIVED_TOPOLOGY
CF-0143,LK-0004,LK-0070,HF,ADJACENT_CHANNEL_NEAR_PATH,24.0,60000,false,近距离相邻信道需保护间隔,DERIVED_TOPOLOGY
CF-0144,LK-0004,LK-0071,HF,ADJACENT_CHANNEL_NEAR_PATH,24.0,60000,false,近距离相邻信道需保护间隔,DERIVED_TOPOLOGY
CF-0145,LK-0004,LK-0073,HF,ADJACENT_CHANNEL_NEAR_PATH,24.0,60000,false,近距离相邻信道需保护间隔,DERIVED_TOPOLOGY
CF-0146,LK-0004,LK-0076,HF,ADJACENT_CHANNEL_NEAR_PATH,24.0,60000,false,近距离相邻信道需保护间隔,DERIVED_TOPOLOGY
CF-0147,LK-0004,LK-0084,HF,ADJACENT_CHANNEL_NEAR_PATH,24.0,60000,false,近距离相邻信道需保护间隔,DERIVED_TOPOLOGY
CF-0148,LK-0004,LK-0085,HF,ADJACENT_CHANNEL_NEAR_PATH,24.0,60000,false,近距离相邻信道需保护间隔,DERIVED_TOPOLOGY
CF-0149,LK-0004,LK-0089,HF,ADJACENT_CHANNEL_NEAR_PATH,24.0,60000,false,近距离相邻信道需保护间隔,DERIVED_TOPOLOGY
CF-0150,LK-0004,LK-0091,HF,ADJACENT_CHANNEL_NEAR_PATH,24.0,60000,false,近距离相邻信道需保护间隔,DERIVED_TOPOLOGY
CF-0151,LK-0004,LK-0092,HF,ADJACENT_CHANNEL_NEAR_PATH,24.0,60000,false,近距离相邻信道需保护间隔,DERIVED_TOPOLOGY
CF-0152,LK-0004,LK-0100,HF,ADJACENT_CHANNEL_NEAR_PATH,24.0,60000,false,近距离相邻信道需保护间隔,DERIVED_TOPOLOGY
CF-0153,LK-0004,LK-0101,HF,ADJACENT_CHANNEL_NEAR_PATH,24.0,60000,false,近距离相邻信道需保护间隔,DERIVED_TOPOLOGY
CF-0154,LK-0004,LK-0103,HF,SHARED_NODE,24.0,0,true,共享节点不可同频复用,DERIVED_TOPOLOGY
CF-0155,LK-0004,LK-0105,HF,ADJACENT_CHANNEL_NEAR_PATH,24.0,60000,false,近距离相邻信道需保护间隔,DERIVED_TOPOLOGY
CF-0156,LK-0004,LK-0108,HF,ADJACENT_CHANNEL_NEAR_PATH,24.0,60000,false,近距离相邻信道需保护间隔,DERIVED_TOPOLOGY
CF-0157,LK-0004,LK-0112,HF,SHARED_NODE,24.0,0,true,共享节点不可同频复用,DERIVED_TOPOLOGY
CF-0158,LK-0004,LK-0160,HF,SHARED_NODE,24.0,0,true,共享节点不可同频复用,DERIVED_TOPOLOGY
CF-0159,LK-0004,LK-0441,HF,SHARED_NODE,24.0,0,true,共享节点不可同频复用,DERIVED_TOPOLOGY
CF-0160,LK-0006,LK-0007,HF,ADJACENT_CHANNEL_NEAR_PATH,24.0,60000,false,近距离相邻信道需保护间隔,DERIVED_TOPOLOGY
CF-0161,LK-0006,LK-0009,HF,ADJACENT_CHANNEL_NEAR_PATH,24.0,60000,false,近距离相邻信道需保护间隔,DERIVED_TOPOLOGY
CF-0162,LK-0006,LK-0011,HF,ADJACENT_CHANNEL_NEAR_PATH,24.0,60000,false,近距离相邻信道需保护间隔,DERIVED_TOPOLOGY
CF-0163,LK-0006,LK-0012,HF,ADJACENT_CHANNEL_NEAR_PATH,0.5,60000,false,近距离相邻信道需保护间隔,DERIVED_TOPOLOGY
CF-0164,LK-0006,LK-0013,HF,ADJACENT_CHANNEL_NEAR_PATH,0.5,60000,false,近距离相邻信道需保护间隔,DERIVED_TOPOLOGY
CF-0165,LK-0006,LK-0014,HF,ADJACENT_CHANNEL_NEAR_PATH,0.5,60000,false,近距离相邻信道需保护间隔,DERIVED_TOPOLOGY
CF-0166,LK-0006,LK-0015,HF,ADJACENT_CHANNEL_NEAR_PATH,24.0,60000,false,近距离相邻信道需保护间隔,DERIVED_TOPOLOGY
CF-0167,LK-0006,LK-0017,HF,ADJACENT_CHANNEL_NEAR_PATH,24.0,60000,false,近距离相邻信道需保护间隔,DERIVED_TOPOLOGY
CF-0168,LK-0006,LK-0018,HF,ADJACENT_CHANNEL_NEAR_PATH,24.0,60000,false,近距离相邻信道需保护间隔,DERIVED_TOPOLOGY
CF-0169,LK-0006,LK-0020,HF,ADJACENT_CHANNEL_NEAR_PATH,24.0,60000,false,近距离相邻信道需保护间隔,DERIVED_TOPOLOGY
CF-0170,LK-0006,LK-0021,HF,SHARED_NODE,0.5,0,true,共享节点不可同频复用,DERIVED_TOPOLOGY
CF-0171,LK-0006,LK-0022,HF,ADJACENT_CHANNEL_NEAR_PATH,24.0,60000,false,近距离相邻信道需保护间隔,DERIVED_TOPOLOGY
CF-0172,LK-0006,LK-0025,HF,ADJACENT_CHANNEL_NEAR_PATH,0.5,60000,false,近距离相邻信道需保护间隔,DERIVED_TOPOLOGY
CF-0173,LK-0006,LK-0026,HF,ADJACENT_CHANNEL_NEAR_PATH,24.0,60000,false,近距离相邻信道需保护间隔,DERIVED_TOPOLOGY
CF-0174,LK-0006,LK-0028,HF,SHARED_NODE,3.0,0,true,共享节点不可同频复用,DERIVED_TOPOLOGY
CF-0175,LK-0006,LK-0029,HF,ADJACENT_CHANNEL_NEAR_PATH,24.0,60000,false,近距离相邻信道需保护间隔,DERIVED_TOPOLOGY
CF-0176,LK-0006,LK-0031,HF,ADJACENT_CHANNEL_NEAR_PATH,0.5,60000,false,近距离相邻信道需保护间隔,DERIVED_TOPOLOGY
CF-0177,LK-0006,LK-0032,HF,ADJACENT_CHANNEL_NEAR_PATH,24.0,60000,false,近距离相邻信道需保护间隔,DERIVED_TOPOLOGY
CF-0178,LK-0006,LK-0033,HF,ADJACENT_CHANNEL_NEAR_PATH,0.5,60000,false,近距离相邻信道需保护间隔,DERIVED_TOPOLOGY
CF-0179,LK-0006,LK-0034,HF,ADJACENT_CHANNEL_NEAR_PATH,24.0,60000,false,近距离相邻信道需保护间隔,DERIVED_TOPOLOGY
CF-0180,LK-0006,LK-0035,HF,ADJACENT_CHANNEL_NEAR_PATH,0.5,60000,false,近距离相邻信道需保护间隔,DERIVED_TOPOLOGY
CF-0181,LK-0006,LK-0036,HF,ADJACENT_CHANNEL_NEAR_PATH,0.5,60000,false,近距离相邻信道需保护间隔,DERIVED_TOPOLOGY
CF-0182,LK-0006,LK-0040,HF,ADJACENT_CHANNEL_NEAR_PATH,0.5,60000,false,近距离相邻信道需保护间隔,DERIVED_TOPOLOGY
CF-0183,LK-0006,LK-0042,HF,SHARED_NODE,0.5,0,true,共享节点不可同频复用,DERIVED_TOPOLOGY
CF-0184,LK-0006,LK-0043,HF,ADJACENT_CHANNEL_NEAR_PATH,24.0,60000,false,近距离相邻信道需保护间隔,DERIVED_TOPOLOGY
CF-0185,LK-0006,LK-0044,HF,SHARED_NODE,3.0,0,true,共享节点不可同频复用,DERIVED_TOPOLOGY
CF-0186,LK-0006,LK-0045,HF,ADJACENT_CHANNEL_NEAR_PATH,24.0,60000,false,近距离相邻信道需保护间隔,DERIVED_TOPOLOGY
CF-0187,LK-0006,LK-0052,HF,ADJACENT_CHANNEL_NEAR_PATH,24.0,60000,false,近距离相邻信道需保护间隔,DERIVED_TOPOLOGY
CF-0188,LK-0006,LK-0055,HF,ADJACENT_CHANNEL_NEAR_PATH,24.0,60000,false,近距离相邻信道需保护间隔,DERIVED_TOPOLOGY
CF-0189,LK-0006,LK-0056,HF,ADJACENT_CHANNEL_NEAR_PATH,24.0,60000,false,近距离相邻信道需保护间隔,DERIVED_TOPOLOGY
CF-0190,LK-0006,LK-0059,HF,ADJACENT_CHANNEL_NEAR_PATH,24.0,60000,false,近距离相邻信道需保护间隔,DERIVED_TOPOLOGY
CF-0191,LK-0006,LK-0063,HF,ADJACENT_CHANNEL_NEAR_PATH,24.0,60000,false,近距离相邻信道需保护间隔,DERIVED_TOPOLOGY
CF-0192,LK-0006,LK-0064,HF,ADJACENT_CHANNEL_NEAR_PATH,0.5,60000,false,近距离相邻信道需保护间隔,DERIVED_TOPOLOGY
CF-0193,LK-0006,LK-0065,HF,ADJACENT_CHANNEL_NEAR_PATH,24.0,60000,false,近距离相邻信道需保护间隔,DERIVED_TOPOLOGY
CF-0194,LK-0006,LK-0070,HF,ADJACENT_CHANNEL_NEAR_PATH,0.5,60000,false,近距离相邻信道需保护间隔,DERIVED_TOPOLOGY
CF-0195,LK-0006,LK-0071,HF,ADJACENT_CHANNEL_NEAR_PATH,0.5,60000,false,近距离相邻信道需保护间隔,DERIVED_TOPOLOGY
CF-0196,LK-0006,LK-0073,HF,ADJACENT_CHANNEL_NEAR_PATH,24.0,60000,false,近距离相邻信道需保护间隔,DERIVED_TOPOLOGY
CF-0197,LK-0006,LK-0076,HF,ADJACENT_CHANNEL_NEAR_PATH,0.5,60000,false,近距离相邻信道需保护间隔,DERIVED_TOPOLOGY
CF-0198,LK-0006,LK-0084,HF,ADJACENT_CHANNEL_NEAR_PATH,0.5,60000,false,近距离相邻信道需保护间隔,DERIVED_TOPOLOGY
CF-0199,LK-0006,LK-0085,HF,ADJACENT_CHANNEL_NEAR_PATH,24.0,60000,false,近距离相邻信道需保护间隔,DERIVED_TOPOLOGY
CF-0200,LK-0006,LK-0089,HF,ADJACENT_CHANNEL_NEAR_PATH,0.5,60000,false,近距离相邻信道需保护间隔,DERIVED_TOPOLOGY
CF-0201,LK-0006,LK-0091,HF,ADJACENT_CHANNEL_NEAR_PATH,24.0,60000,false,近距离相邻信道需保护间隔,DERIVED_TOPOLOGY
CF-0202,LK-0006,LK-0092,HF,ADJACENT_CHANNEL_NEAR_PATH,24.0,60000,false,近距离相邻信道需保护间隔,DERIVED_TOPOLOGY
CF-0203,LK-0006,LK-0100,HF,ADJACENT_CHANNEL_NEAR_PATH,24.0,60000,false,近距离相邻信道需保护间隔,DERIVED_TOPOLOGY
CF-0204,LK-0006,LK-0101,HF,ADJACENT_CHANNEL_NEAR_PATH,0.5,60000,false,近距离相邻信道需保护间隔,DERIVED_TOPOLOGY
CF-0205,LK-0006,LK-0103,HF,ADJACENT_CHANNEL_NEAR_PATH,24.0,60000,false,近距离相邻信道需保护间隔,DERIVED_TOPOLOGY
CF-0206,LK-0006,LK-0105,HF,ADJACENT_CHANNEL_NEAR_PATH,24.0,60000,false,近距离相邻信道需保护间隔,DERIVED_TOPOLOGY
CF-0207,LK-0006,LK-0108,HF,ADJACENT_CHANNEL_NEAR_PATH,24.0,60000,false,近距离相邻信道需保护间隔,DERIVED_TOPOLOGY
CF-0208,LK-0006,LK-0112,HF,ADJACENT_CHANNEL_NEAR_PATH,24.0,60000,false,近距离相邻信道需保护间隔,DERIVED_TOPOLOGY
CF-0209,LK-0006,LK-0229,HF,SHARED_NODE,24.0,0,true,共享节点不可同频复用,DERIVED_TOPOLOGY
CF-0210,LK-0007,LK-0009,HF,ADJACENT_CHANNEL_NEAR_PATH,24.0,60000,false,近距离相邻信道需保护间隔,DERIVED_TOPOLOGY
CF-0211,LK-0007,LK-0011,HF,ADJACENT_CHANNEL_NEAR_PATH,24.0,60000,false,近距离相邻信道需保护间隔,DERIVED_TOPOLOGY
CF-0212,LK-0007,LK-0012,HF,ADJACENT_CHANNEL_NEAR_PATH,24.0,60000,false,近距离相邻信道需保护间隔,DERIVED_TOPOLOGY
CF-0213,LK-0007,LK-0013,HF,ADJACENT_CHANNEL_NEAR_PATH,24.0,60000,false,近距离相邻信道需保护间隔,DERIVED_TOPOLOGY
CF-0214,LK-0007,LK-0014,HF,ADJACENT_CHANNEL_NEAR_PATH,24.0,60000,false,近距离相邻信道需保护间隔,DERIVED_TOPOLOGY
CF-0215,LK-0007,LK-0015,HF,ADJACENT_CHANNEL_NEAR_PATH,24.0,60000,false,近距离相邻信道需保护间隔,DERIVED_TOPOLOGY
CF-0216,LK-0007,LK-0017,HF,ADJACENT_CHANNEL_NEAR_PATH,24.0,60000,false,近距离相邻信道需保护间隔,DERIVED_TOPOLOGY
CF-0217,LK-0007,LK-0018,HF,ADJACENT_CHANNEL_NEAR_PATH,24.0,60000,false,近距离相邻信道需保护间隔,DERIVED_TOPOLOGY
CF-0218,LK-0007,LK-0020,HF,ADJACENT_CHANNEL_NEAR_PATH,24.0,60000,false,近距离相邻信道需保护间隔,DERIVED_TOPOLOGY
CF-0219,LK-0007,LK-0021,HF,ADJACENT_CHANNEL_NEAR_PATH,24.0,60000,false,近距离相邻信道需保护间隔,DERIVED_TOPOLOGY
CF-0220,LK-0007,LK-0022,HF,ADJACENT_CHANNEL_NEAR_PATH,24.0,60000,false,近距离相邻信道需保护间隔,DERIVED_TOPOLOGY
CF-0221,LK-0007,LK-0025,HF,ADJACENT_CHANNEL_NEAR_PATH,24.0,60000,false,近距离相邻信道需保护间隔,DERIVED_TOPOLOGY
CF-0222,LK-0007,LK-0026,HF,SHARED_NODE,24.0,0,true,共享节点不可同频复用,DERIVED_TOPOLOGY
CF-0223,LK-0007,LK-0028,HF,ADJACENT_CHANNEL_NEAR_PATH,24.0,60000,false,近距离相邻信道需保护间隔,DERIVED_TOPOLOGY
CF-0224,LK-0007,LK-0029,HF,SHARED_NODE,24.0,0,true,共享节点不可同频复用,DERIVED_TOPOLOGY
CF-0225,LK-0007,LK-0031,HF,ADJACENT_CHANNEL_NEAR_PATH,24.0,60000,false,近距离相邻信道需保护间隔,DERIVED_TOPOLOGY
CF-0226,LK-0007,LK-0032,HF,ADJACENT_CHANNEL_NEAR_PATH,24.0,60000,false,近距离相邻信道需保护间隔,DERIVED_TOPOLOGY
CF-0227,LK-0007,LK-0033,HF,ADJACENT_CHANNEL_NEAR_PATH,24.0,60000,false,近距离相邻信道需保护间隔,DERIVED_TOPOLOGY
CF-0228,LK-0007,LK-0034,HF,ADJACENT_CHANNEL_NEAR_PATH,24.0,60000,false,近距离相邻信道需保护间隔,DERIVED_TOPOLOGY
CF-0229,LK-0007,LK-0035,HF,ADJACENT_CHANNEL_NEAR_PATH,24.0,60000,false,近距离相邻信道需保护间隔,DERIVED_TOPOLOGY
CF-0230,LK-0007,LK-0036,HF,ADJACENT_CHANNEL_NEAR_PATH,24.0,60000,false,近距离相邻信道需保护间隔,DERIVED_TOPOLOGY
CF-0231,LK-0007,LK-0040,HF,ADJACENT_CHANNEL_NEAR_PATH,24.0,60000,false,近距离相邻信道需保护间隔,DERIVED_TOPOLOGY
CF-0232,LK-0007,LK-0042,HF,ADJACENT_CHANNEL_NEAR_PATH,24.0,60000,false,近距离相邻信道需保护间隔,DERIVED_TOPOLOGY
CF-0233,LK-0007,LK-0043,HF,ADJACENT_CHANNEL_NEAR_PATH,24.0,60000,false,近距离相邻信道需保护间隔,DERIVED_TOPOLOGY
CF-0234,LK-0007,LK-0044,HF,ADJACENT_CHANNEL_NEAR_PATH,24.0,60000,false,近距离相邻信道需保护间隔,DERIVED_TOPOLOGY
CF-0235,LK-0007,LK-0045,HF,ADJACENT_CHANNEL_NEAR_PATH,24.0,60000,false,近距离相邻信道需保护间隔,DERIVED_TOPOLOGY
CF-0236,LK-0007,LK-0052,HF,ADJACENT_CHANNEL_NEAR_PATH,24.0,60000,false,近距离相邻信道需保护间隔,DERIVED_TOPOLOGY
CF-0237,LK-0007,LK-0055,HF,ADJACENT_CHANNEL_NEAR_PATH,24.0,60000,false,近距离相邻信道需保护间隔,DERIVED_TOPOLOGY
CF-0238,LK-0007,LK-0056,HF,ADJACENT_CHANNEL_NEAR_PATH,24.0,60000,false,近距离相邻信道需保护间隔,DERIVED_TOPOLOGY
CF-0239,LK-0007,LK-0059,HF,ADJACENT_CHANNEL_NEAR_PATH,24.0,60000,false,近距离相邻信道需保护间隔,DERIVED_TOPOLOGY
CF-0240,LK-0007,LK-0063,HF,ADJACENT_CHANNEL_NEAR_PATH,24.0,60000,false,近距离相邻信道需保护间隔,DERIVED_TOPOLOGY
CF-0241,LK-0007,LK-0064,HF,ADJACENT_CHANNEL_NEAR_PATH,24.0,60000,false,近距离相邻信道需保护间隔,DERIVED_TOPOLOGY
CF-0242,LK-0007,LK-0065,HF,ADJACENT_CHANNEL_NEAR_PATH,24.0,60000,false,近距离相邻信道需保护间隔,DERIVED_TOPOLOGY
CF-0243,LK-0007,LK-0070,HF,ADJACENT_CHANNEL_NEAR_PATH,24.0,60000,false,近距离相邻信道需保护间隔,DERIVED_TOPOLOGY
CF-0244,LK-0007,LK-0071,HF,ADJACENT_CHANNEL_NEAR_PATH,24.0,60000,false,近距离相邻信道需保护间隔,DERIVED_TOPOLOGY
CF-0245,LK-0007,LK-0073,HF,ADJACENT_CHANNEL_NEAR_PATH,24.0,60000,false,近距离相邻信道需保护间隔,DERIVED_TOPOLOGY
CF-0246,LK-0007,LK-0076,HF,ADJACENT_CHANNEL_NEAR_PATH,24.0,60000,false,近距离相邻信道需保护间隔,DERIVED_TOPOLOGY
CF-0247,LK-0007,LK-0084,HF,ADJACENT_CHANNEL_NEAR_PATH,24.0,60000,false,近距离相邻信道需保护间隔,DERIVED_TOPOLOGY
CF-0248,LK-0007,LK-0085,HF,ADJACENT_CHANNEL_NEAR_PATH,24.0,60000,false,近距离相邻信道需保护间隔,DERIVED_TOPOLOGY
CF-0249,LK-0007,LK-0089,HF,ADJACENT_CHANNEL_NEAR_PATH,24.0,60000,false,近距离相邻信道需保护间隔,DERIVED_TOPOLOGY
CF-0250,LK-0007,LK-0091,HF,ADJACENT_CHANNEL_NEAR_PATH,24.0,60000,false,近距离相邻信道需保护间隔,DERIVED_TOPOLOGY
CF-0251,LK-0007,LK-0092,HF,ADJACENT_CHANNEL_NEAR_PATH,24.0,60000,false,近距离相邻信道需保护间隔,DERIVED_TOPOLOGY
CF-0252,LK-0007,LK-0100,HF,ADJACENT_CHANNEL_NEAR_PATH,24.0,60000,false,近距离相邻信道需保护间隔,DERIVED_TOPOLOGY
CF-0253,LK-0007,LK-0101,HF,ADJACENT_CHANNEL_NEAR_PATH,24.0,60000,false,近距离相邻信道需保护间隔,DERIVED_TOPOLOGY
CF-0254,LK-0007,LK-0103,HF,ADJACENT_CHANNEL_NEAR_PATH,24.0,60000,false,近距离相邻信道需保护间隔,DERIVED_TOPOLOGY
CF-0255,LK-0007,LK-0105,HF,ADJACENT_CHANNEL_NEAR_PATH,24.0,60000,false,近距离相邻信道需保护间隔,DERIVED_TOPOLOGY
CF-0256,LK-0007,LK-0108,HF,ADJACENT_CHANNEL_NEAR_PATH,24.0,60000,false,近距离相邻信道需保护间隔,DERIVED_TOPOLOGY
CF-0257,LK-0007,LK-0112,HF,ADJACENT_CHANNEL_NEAR_PATH,24.0,60000,false,近距离相邻信道需保护间隔,DERIVED_TOPOLOGY
CF-0258,LK-0007,LK-0478,HF,SHARED_NODE,24.0,0,true,共享节点不可同频复用,DERIVED_TOPOLOGY
CF-0259,LK-0007,LK-0480,HF,SHARED_NODE,24.0,0,true,共享节点不可同频复用,DERIVED_TOPOLOGY
CF-0260,LK-0007,LK-0481,HF,SHARED_NODE,24.0,0,true,共享节点不可同频复用,DERIVED_TOPOLOGY
CF-0261,LK-0009,LK-0011,HF,ADJACENT_CHANNEL_NEAR_PATH,24.0,60000,false,近距离相邻信道需保护间隔,DERIVED_TOPOLOGY
CF-0262,LK-0009,LK-0012,HF,ADJACENT_CHANNEL_NEAR_PATH,24.0,60000,false,近距离相邻信道需保护间隔,DERIVED_TOPOLOGY
CF-0263,LK-0009,LK-0013,HF,ADJACENT_CHANNEL_NEAR_PATH,24.0,60000,false,近距离相邻信道需保护间隔,DERIVED_TOPOLOGY
CF-0264,LK-0009,LK-0014,HF,ADJACENT_CHANNEL_NEAR_PATH,24.0,60000,false,近距离相邻信道需保护间隔,DERIVED_TOPOLOGY
CF-0265,LK-0009,LK-0015,HF,ADJACENT_CHANNEL_NEAR_PATH,24.0,60000,false,近距离相邻信道需保护间隔,DERIVED_TOPOLOGY
CF-0266,LK-0009,LK-0017,HF,ADJACENT_CHANNEL_NEAR_PATH,24.0,60000,false,近距离相邻信道需保护间隔,DERIVED_TOPOLOGY
CF-0267,LK-0009,LK-0018,HF,SHARED_NODE,24.0,0,true,共享节点不可同频复用,DERIVED_TOPOLOGY
CF-0268,LK-0009,LK-0020,HF,ADJACENT_CHANNEL_NEAR_PATH,24.0,60000,false,近距离相邻信道需保护间隔,DERIVED_TOPOLOGY
CF-0269,LK-0009,LK-0021,HF,ADJACENT_CHANNEL_NEAR_PATH,24.0,60000,false,近距离相邻信道需保护间隔,DERIVED_TOPOLOGY
CF-0270,LK-0009,LK-0022,HF,ADJACENT_CHANNEL_NEAR_PATH,24.0,60000,false,近距离相邻信道需保护间隔,DERIVED_TOPOLOGY
CF-0271,LK-0009,LK-0025,HF,ADJACENT_CHANNEL_NEAR_PATH,24.0,60000,false,近距离相邻信道需保护间隔,DERIVED_TOPOLOGY
CF-0272,LK-0009,LK-0026,HF,ADJACENT_CHANNEL_NEAR_PATH,24.0,60000,false,近距离相邻信道需保护间隔,DERIVED_TOPOLOGY
CF-0273,LK-0009,LK-0028,HF,ADJACENT_CHANNEL_NEAR_PATH,24.0,60000,false,近距离相邻信道需保护间隔,DERIVED_TOPOLOGY
CF-0274,LK-0009,LK-0029,HF,ADJACENT_CHANNEL_NEAR_PATH,24.0,60000,false,近距离相邻信道需保护间隔,DERIVED_TOPOLOGY
CF-0275,LK-0009,LK-0031,HF,ADJACENT_CHANNEL_NEAR_PATH,24.0,60000,false,近距离相邻信道需保护间隔,DERIVED_TOPOLOGY
CF-0276,LK-0009,LK-0032,HF,ADJACENT_CHANNEL_NEAR_PATH,24.0,60000,false,近距离相邻信道需保护间隔,DERIVED_TOPOLOGY
CF-0277,LK-0009,LK-0033,HF,ADJACENT_CHANNEL_NEAR_PATH,24.0,60000,false,近距离相邻信道需保护间隔,DERIVED_TOPOLOGY
CF-0278,LK-0009,LK-0034,HF,ADJACENT_CHANNEL_NEAR_PATH,24.0,60000,false,近距离相邻信道需保护间隔,DERIVED_TOPOLOGY
CF-0279,LK-0009,LK-0035,HF,ADJACENT_CHANNEL_NEAR_PATH,24.0,60000,false,近距离相邻信道需保护间隔,DERIVED_TOPOLOGY
CF-0280,LK-0009,LK-0036,HF,ADJACENT_CHANNEL_NEAR_PATH,24.0,60000,false,近距离相邻信道需保护间隔,DERIVED_TOPOLOGY
CF-0281,LK-0009,LK-0040,HF,ADJACENT_CHANNEL_NEAR_PATH,24.0,60000,false,近距离相邻信道需保护间隔,DERIVED_TOPOLOGY
CF-0282,LK-0009,LK-0042,HF,ADJACENT_CHANNEL_NEAR_PATH,24.0,60000,false,近距离相邻信道需保护间隔,DERIVED_TOPOLOGY
CF-0283,LK-0009,LK-0043,HF,ADJACENT_CHANNEL_NEAR_PATH,24.0,60000,false,近距离相邻信道需保护间隔,DERIVED_TOPOLOGY
CF-0284,LK-0009,LK-0044,HF,ADJACENT_CHANNEL_NEAR_PATH,24.0,60000,false,近距离相邻信道需保护间隔,DERIVED_TOPOLOGY
CF-0285,LK-0009,LK-0045,HF,ADJACENT_CHANNEL_NEAR_PATH,24.0,60000,false,近距离相邻信道需保护间隔,DERIVED_TOPOLOGY
CF-0286,LK-0009,LK-0052,HF,ADJACENT_CHANNEL_NEAR_PATH,24.0,60000,false,近距离相邻信道需保护间隔,DERIVED_TOPOLOGY
CF-0287,LK-0009,LK-0055,HF,ADJACENT_CHANNEL_NEAR_PATH,24.0,60000,false,近距离相邻信道需保护间隔,DERIVED_TOPOLOGY
CF-0288,LK-0009,LK-0056,HF,ADJACENT_CHANNEL_NEAR_PATH,24.0,60000,false,近距离相邻信道需保护间隔,DERIVED_TOPOLOGY
CF-0289,LK-0009,LK-0059,HF,ADJACENT_CHANNEL_NEAR_PATH,24.0,60000,false,近距离相邻信道需保护间隔,DERIVED_TOPOLOGY
CF-0290,LK-0009,LK-0063,HF,ADJACENT_CHANNEL_NEAR_PATH,24.0,60000,false,近距离相邻信道需保护间隔,DERIVED_TOPOLOGY
CF-0291,LK-0009,LK-0064,HF,ADJACENT_CHANNEL_NEAR_PATH,24.0,60000,false,近距离相邻信道需保护间隔,DERIVED_TOPOLOGY
CF-0292,LK-0009,LK-0065,HF,ADJACENT_CHANNEL_NEAR_PATH,24.0,60000,false,近距离相邻信道需保护间隔,DERIVED_TOPOLOGY
CF-0293,LK-0009,LK-0070,HF,ADJACENT_CHANNEL_NEAR_PATH,24.0,60000,false,近距离相邻信道需保护间隔,DERIVED_TOPOLOGY
CF-0294,LK-0009,LK-0071,HF,ADJACENT_CHANNEL_NEAR_PATH,24.0,60000,false,近距离相邻信道需保护间隔,DERIVED_TOPOLOGY
CF-0295,LK-0009,LK-0073,HF,ADJACENT_CHANNEL_NEAR_PATH,24.0,60000,false,近距离相邻信道需保护间隔,DERIVED_TOPOLOGY
CF-0296,LK-0009,LK-0076,HF,ADJACENT_CHANNEL_NEAR_PATH,24.0,60000,false,近距离相邻信道需保护间隔,DERIVED_TOPOLOGY
CF-0297,LK-0009,LK-0084,HF,ADJACENT_CHANNEL_NEAR_PATH,24.0,60000,false,近距离相邻信道需保护间隔,DERIVED_TOPOLOGY
CF-0298,LK-0009,LK-0085,HF,ADJACENT_CHANNEL_NEAR_PATH,24.0,60000,false,近距离相邻信道需保护间隔,DERIVED_TOPOLOGY
CF-0299,LK-0009,LK-0089,HF,ADJACENT_CHANNEL_NEAR_PATH,24.0,60000,false,近距离相邻信道需保护间隔,DERIVED_TOPOLOGY
CF-0300,LK-0009,LK-0091,HF,ADJACENT_CHANNEL_NEAR_PATH,24.0,60000,false,近距离相邻信道需保护间隔,DERIVED_TOPOLOGY
CF-0301,LK-0009,LK-0092,HF,ADJACENT_CHANNEL_NEAR_PATH,24.0,60000,false,近距离相邻信道需保护间隔,DERIVED_TOPOLOGY
CF-0302,LK-0009,LK-0100,HF,ADJACENT_CHANNEL_NEAR_PATH,24.0,60000,false,近距离相邻信道需保护间隔,DERIVED_TOPOLOGY
CF-0303,LK-0009,LK-0101,HF,ADJACENT_CHANNEL_NEAR_PATH,24.0,60000,false,近距离相邻信道需保护间隔,DERIVED_TOPOLOGY
CF-0304,LK-0009,LK-0103,HF,ADJACENT_CHANNEL_NEAR_PATH,24.0,60000,false,近距离相邻信道需保护间隔,DERIVED_TOPOLOGY
CF-0305,LK-0009,LK-0105,HF,ADJACENT_CHANNEL_NEAR_PATH,24.0,60000,false,近距离相邻信道需保护间隔,DERIVED_TOPOLOGY
CF-0306,LK-0009,LK-0108,HF,ADJACENT_CHANNEL_NEAR_PATH,24.0,60000,false,近距离相邻信道需保护间隔,DERIVED_TOPOLOGY
CF-0307,LK-0009,LK-0112,HF,ADJACENT_CHANNEL_NEAR_PATH,24.0,60000,false,近距离相邻信道需保护间隔,DERIVED_TOPOLOGY
CF-0308,LK-0009,LK-0151,HF,SHARED_NODE,24.0,0,true,共享节点不可同频复用,DERIVED_TOPOLOGY
CF-0309,LK-0009,LK-0174,HF,SHARED_NODE,24.0,0,true,共享节点不可同频复用,DERIVED_TOPOLOGY
CF-0310,LK-0009,LK-0182,HF,SHARED_NODE,24.0,0,true,共享节点不可同频复用,DERIVED_TOPOLOGY
CF-0311,LK-0009,LK-0407,HF,SHARED_NODE,24.0,0,true,共享节点不可同频复用,DERIVED_TOPOLOGY
CF-0312,LK-0009,LK-0450,HF,SHARED_NODE,24.0,0,true,共享节点不可同频复用,DERIVED_TOPOLOGY
CF-0313,LK-0011,LK-0012,HF,ADJACENT_CHANNEL_NEAR_PATH,24.0,60000,false,近距离相邻信道需保护间隔,DERIVED_TOPOLOGY
CF-0314,LK-0011,LK-0013,HF,ADJACENT_CHANNEL_NEAR_PATH,24.0,60000,false,近距离相邻信道需保护间隔,DERIVED_TOPOLOGY
CF-0315,LK-0011,LK-0014,HF,ADJACENT_CHANNEL_NEAR_PATH,24.0,60000,false,近距离相邻信道需保护间隔,DERIVED_TOPOLOGY
CF-0316,LK-0011,LK-0015,HF,ADJACENT_CHANNEL_NEAR_PATH,24.0,60000,false,近距离相邻信道需保护间隔,DERIVED_TOPOLOGY
CF-0317,LK-0011,LK-0017,HF,ADJACENT_CHANNEL_NEAR_PATH,24.0,60000,false,近距离相邻信道需保护间隔,DERIVED_TOPOLOGY
CF-0318,LK-0011,LK-0018,HF,SHARED_NODE,24.0,0,true,共享节点不可同频复用,DERIVED_TOPOLOGY
CF-0319,LK-0011,LK-0020,HF,ADJACENT_CHANNEL_NEAR_PATH,24.0,60000,false,近距离相邻信道需保护间隔,DERIVED_TOPOLOGY
CF-0320,LK-0011,LK-0021,HF,SHARED_NODE,24.0,0,true,共享节点不可同频复用,DERIVED_TOPOLOGY
CF-0321,LK-0011,LK-0022,HF,ADJACENT_CHANNEL_NEAR_PATH,24.0,60000,false,近距离相邻信道需保护间隔,DERIVED_TOPOLOGY
CF-0322,LK-0011,LK-0025,HF,ADJACENT_CHANNEL_NEAR_PATH,24.0,60000,false,近距离相邻信道需保护间隔,DERIVED_TOPOLOGY
CF-0323,LK-0011,LK-0026,HF,ADJACENT_CHANNEL_NEAR_PATH,24.0,60000,false,近距离相邻信道需保护间隔,DERIVED_TOPOLOGY
CF-0324,LK-0011,LK-0028,HF,ADJACENT_CHANNEL_NEAR_PATH,24.0,60000,false,近距离相邻信道需保护间隔,DERIVED_TOPOLOGY
CF-0325,LK-0011,LK-0029,HF,ADJACENT_CHANNEL_NEAR_PATH,24.0,60000,false,近距离相邻信道需保护间隔,DERIVED_TOPOLOGY
CF-0326,LK-0011,LK-0031,HF,ADJACENT_CHANNEL_NEAR_PATH,24.0,60000,false,近距离相邻信道需保护间隔,DERIVED_TOPOLOGY
CF-0327,LK-0011,LK-0032,HF,ADJACENT_CHANNEL_NEAR_PATH,24.0,60000,false,近距离相邻信道需保护间隔,DERIVED_TOPOLOGY
CF-0328,LK-0011,LK-0033,HF,ADJACENT_CHANNEL_NEAR_PATH,24.0,60000,false,近距离相邻信道需保护间隔,DERIVED_TOPOLOGY
CF-0329,LK-0011,LK-0034,HF,ADJACENT_CHANNEL_NEAR_PATH,24.0,60000,false,近距离相邻信道需保护间隔,DERIVED_TOPOLOGY
CF-0330,LK-0011,LK-0035,HF,ADJACENT_CHANNEL_NEAR_PATH,24.0,60000,false,近距离相邻信道需保护间隔,DERIVED_TOPOLOGY
CF-0331,LK-0011,LK-0036,HF,ADJACENT_CHANNEL_NEAR_PATH,24.0,60000,false,近距离相邻信道需保护间隔,DERIVED_TOPOLOGY
CF-0332,LK-0011,LK-0040,HF,ADJACENT_CHANNEL_NEAR_PATH,24.0,60000,false,近距离相邻信道需保护间隔,DERIVED_TOPOLOGY
CF-0333,LK-0011,LK-0042,HF,ADJACENT_CHANNEL_NEAR_PATH,24.0,60000,false,近距离相邻信道需保护间隔,DERIVED_TOPOLOGY
CF-0334,LK-0011,LK-0043,HF,ADJACENT_CHANNEL_NEAR_PATH,24.0,60000,false,近距离相邻信道需保护间隔,DERIVED_TOPOLOGY
CF-0335,LK-0011,LK-0044,HF,ADJACENT_CHANNEL_NEAR_PATH,24.0,60000,false,近距离相邻信道需保护间隔,DERIVED_TOPOLOGY
CF-0336,LK-0011,LK-0045,HF,ADJACENT_CHANNEL_NEAR_PATH,24.0,60000,false,近距离相邻信道需保护间隔,DERIVED_TOPOLOGY
CF-0337,LK-0011,LK-0052,HF,ADJACENT_CHANNEL_NEAR_PATH,24.0,60000,false,近距离相邻信道需保护间隔,DERIVED_TOPOLOGY
CF-0338,LK-0011,LK-0055,HF,ADJACENT_CHANNEL_NEAR_PATH,24.0,60000,false,近距离相邻信道需保护间隔,DERIVED_TOPOLOGY
CF-0339,LK-0011,LK-0056,HF,ADJACENT_CHANNEL_NEAR_PATH,24.0,60000,false,近距离相邻信道需保护间隔,DERIVED_TOPOLOGY
CF-0340,LK-0011,LK-0059,HF,ADJACENT_CHANNEL_NEAR_PATH,24.0,60000,false,近距离相邻信道需保护间隔,DERIVED_TOPOLOGY
CF-0341,LK-0011,LK-0063,HF,ADJACENT_CHANNEL_NEAR_PATH,24.0,60000,false,近距离相邻信道需保护间隔,DERIVED_TOPOLOGY
CF-0342,LK-0011,LK-0064,HF,ADJACENT_CHANNEL_NEAR_PATH,24.0,60000,false,近距离相邻信道需保护间隔,DERIVED_TOPOLOGY
CF-0343,LK-0011,LK-0065,HF,ADJACENT_CHANNEL_NEAR_PATH,24.0,60000,false,近距离相邻信道需保护间隔,DERIVED_TOPOLOGY
CF-0344,LK-0011,LK-0070,HF,ADJACENT_CHANNEL_NEAR_PATH,24.0,60000,false,近距离相邻信道需保护间隔,DERIVED_TOPOLOGY
CF-0345,LK-0011,LK-0071,HF,ADJACENT_CHANNEL_NEAR_PATH,24.0,60000,false,近距离相邻信道需保护间隔,DERIVED_TOPOLOGY
CF-0346,LK-0011,LK-0073,HF,ADJACENT_CHANNEL_NEAR_PATH,24.0,60000,false,近距离相邻信道需保护间隔,DERIVED_TOPOLOGY
CF-0347,LK-0011,LK-0076,HF,ADJACENT_CHANNEL_NEAR_PATH,24.0,60000,false,近距离相邻信道需保护间隔,DERIVED_TOPOLOGY
CF-0348,LK-0011,LK-0084,HF,ADJACENT_CHANNEL_NEAR_PATH,24.0,60000,false,近距离相邻信道需保护间隔,DERIVED_TOPOLOGY
CF-0349,LK-0011,LK-0085,HF,ADJACENT_CHANNEL_NEAR_PATH,24.0,60000,false,近距离相邻信道需保护间隔,DERIVED_TOPOLOGY
CF-0350,LK-0011,LK-0089,HF,ADJACENT_CHANNEL_NEAR_PATH,24.0,60000,false,近距离相邻信道需保护间隔,DERIVED_TOPOLOGY
CF-0351,LK-0011,LK-0091,HF,ADJACENT_CHANNEL_NEAR_PATH,24.0,60000,false,近距离相邻信道需保护间隔,DERIVED_TOPOLOGY
CF-0352,LK-0011,LK-0092,HF,ADJACENT_CHANNEL_NEAR_PATH,24.0,60000,false,近距离相邻信道需保护间隔,DERIVED_TOPOLOGY
CF-0353,LK-0011,LK-0100,HF,ADJACENT_CHANNEL_NEAR_PATH,24.0,60000,false,近距离相邻信道需保护间隔,DERIVED_TOPOLOGY
CF-0354,LK-0011,LK-0101,HF,ADJACENT_CHANNEL_NEAR_PATH,24.0,60000,false,近距离相邻信道需保护间隔,DERIVED_TOPOLOGY
CF-0355,LK-0011,LK-0103,HF,ADJACENT_CHANNEL_NEAR_PATH,24.0,60000,false,近距离相邻信道需保护间隔,DERIVED_TOPOLOGY
CF-0356,LK-0011,LK-0105,HF,ADJACENT_CHANNEL_NEAR_PATH,24.0,60000,false,近距离相邻信道需保护间隔,DERIVED_TOPOLOGY
CF-0357,LK-0011,LK-0108,HF,ADJACENT_CHANNEL_NEAR_PATH,24.0,60000,false,近距离相邻信道需保护间隔,DERIVED_TOPOLOGY
CF-0358,LK-0011,LK-0112,HF,ADJACENT_CHANNEL_NEAR_PATH,24.0,60000,false,近距离相邻信道需保护间隔,DERIVED_TOPOLOGY
CF-0359,LK-0011,LK-0286,HF,SHARED_NODE,24.0,0,true,共享节点不可同频复用,DERIVED_TOPOLOGY
CF-0360,LK-0011,LK-0326,HF,SHARED_NODE,24.0,0,true,共享节点不可同频复用,DERIVED_TOPOLOGY
CF-0361,LK-0011,LK-0406,HF,SHARED_NODE,24.0,0,true,共享节点不可同频复用,DERIVED_TOPOLOGY
CF-0362,LK-0012,LK-0013,HF,ADJACENT_CHANNEL_NEAR_PATH,0.5,60000,false,近距离相邻信道需保护间隔,DERIVED_TOPOLOGY
CF-0363,LK-0012,LK-0014,HF,ADJACENT_CHANNEL_NEAR_PATH,0.5,60000,false,近距离相邻信道需保护间隔,DERIVED_TOPOLOGY
CF-0364,LK-0012,LK-0015,HF,ADJACENT_CHANNEL_NEAR_PATH,24.0,60000,false,近距离相邻信道需保护间隔,DERIVED_TOPOLOGY
CF-0365,LK-0012,LK-0017,HF,ADJACENT_CHANNEL_NEAR_PATH,24.0,60000,false,近距离相邻信道需保护间隔,DERIVED_TOPOLOGY
CF-0366,LK-0012,LK-0018,HF,ADJACENT_CHANNEL_NEAR_PATH,24.0,60000,false,近距离相邻信道需保护间隔,DERIVED_TOPOLOGY
CF-0367,LK-0012,LK-0020,HF,ADJACENT_CHANNEL_NEAR_PATH,24.0,60000,false,近距离相邻信道需保护间隔,DERIVED_TOPOLOGY
CF-0368,LK-0012,LK-0021,HF,ADJACENT_CHANNEL_NEAR_PATH,0.5,60000,false,近距离相邻信道需保护间隔,DERIVED_TOPOLOGY
CF-0369,LK-0012,LK-0022,HF,ADJACENT_CHANNEL_NEAR_PATH,24.0,60000,false,近距离相邻信道需保护间隔,DERIVED_TOPOLOGY
CF-0370,LK-0012,LK-0025,HF,ADJACENT_CHANNEL_NEAR_PATH,0.5,60000,false,近距离相邻信道需保护间隔,DERIVED_TOPOLOGY
CF-0371,LK-0012,LK-0026,HF,ADJACENT_CHANNEL_NEAR_PATH,24.0,60000,false,近距离相邻信道需保护间隔,DERIVED_TOPOLOGY
CF-0372,LK-0012,LK-0028,HF,ADJACENT_CHANNEL_NEAR_PATH,3.0,60000,false,近距离相邻信道需保护间隔,DERIVED_TOPOLOGY
CF-0373,LK-0012,LK-0029,HF,ADJACENT_CHANNEL_NEAR_PATH,24.0,60000,false,近距离相邻信道需保护间隔,DERIVED_TOPOLOGY
CF-0374,LK-0012,LK-0031,HF,SHARED_NODE,0.5,0,true,共享节点不可同频复用,DERIVED_TOPOLOGY
CF-0375,LK-0012,LK-0032,HF,ADJACENT_CHANNEL_NEAR_PATH,24.0,60000,false,近距离相邻信道需保护间隔,DERIVED_TOPOLOGY
CF-0376,LK-0012,LK-0033,HF,ADJACENT_CHANNEL_NEAR_PATH,0.5,60000,false,近距离相邻信道需保护间隔,DERIVED_TOPOLOGY
CF-0377,LK-0012,LK-0034,HF,ADJACENT_CHANNEL_NEAR_PATH,24.0,60000,false,近距离相邻信道需保护间隔,DERIVED_TOPOLOGY
CF-0378,LK-0012,LK-0035,HF,ADJACENT_CHANNEL_NEAR_PATH,0.5,60000,false,近距离相邻信道需保护间隔,DERIVED_TOPOLOGY
CF-0379,LK-0012,LK-0036,HF,ADJACENT_CHANNEL_NEAR_PATH,0.5,60000,false,近距离相邻信道需保护间隔,DERIVED_TOPOLOGY
CF-0380,LK-0012,LK-0040,HF,ADJACENT_CHANNEL_NEAR_PATH,0.5,60000,false,近距离相邻信道需保护间隔,DERIVED_TOPOLOGY
CF-0381,LK-0012,LK-0042,HF,ADJACENT_CHANNEL_NEAR_PATH,0.5,60000,false,近距离相邻信道需保护间隔,DERIVED_TOPOLOGY
CF-0382,LK-0012,LK-0043,HF,ADJACENT_CHANNEL_NEAR_PATH,24.0,60000,false,近距离相邻信道需保护间隔,DERIVED_TOPOLOGY
CF-0383,LK-0012,LK-0044,HF,ADJACENT_CHANNEL_NEAR_PATH,3.0,60000,false,近距离相邻信道需保护间隔,DERIVED_TOPOLOGY
CF-0384,LK-0012,LK-0045,HF,ADJACENT_CHANNEL_NEAR_PATH,24.0,60000,false,近距离相邻信道需保护间隔,DERIVED_TOPOLOGY
CF-0385,LK-0012,LK-0052,HF,ADJACENT_CHANNEL_NEAR_PATH,24.0,60000,false,近距离相邻信道需保护间隔,DERIVED_TOPOLOGY
CF-0386,LK-0012,LK-0055,HF,ADJACENT_CHANNEL_NEAR_PATH,24.0,60000,false,近距离相邻信道需保护间隔,DERIVED_TOPOLOGY
CF-0387,LK-0012,LK-0056,HF,SHARED_NODE,24.0,0,true,共享节点不可同频复用,DERIVED_TOPOLOGY
CF-0388,LK-0012,LK-0059,HF,ADJACENT_CHANNEL_NEAR_PATH,24.0,60000,false,近距离相邻信道需保护间隔,DERIVED_TOPOLOGY
CF-0389,LK-0012,LK-0063,HF,ADJACENT_CHANNEL_NEAR_PATH,24.0,60000,false,近距离相邻信道需保护间隔,DERIVED_TOPOLOGY
CF-0390,LK-0012,LK-0064,HF,ADJACENT_CHANNEL_NEAR_PATH,0.5,60000,false,近距离相邻信道需保护间隔,DERIVED_TOPOLOGY
CF-0391,LK-0012,LK-0065,HF,ADJACENT_CHANNEL_NEAR_PATH,24.0,60000,false,近距离相邻信道需保护间隔,DERIVED_TOPOLOGY
CF-0392,LK-0012,LK-0070,HF,ADJACENT_CHANNEL_NEAR_PATH,0.5,60000,false,近距离相邻信道需保护间隔,DERIVED_TOPOLOGY
CF-0393,LK-0012,LK-0071,HF,ADJACENT_CHANNEL_NEAR_PATH,0.5,60000,false,近距离相邻信道需保护间隔,DERIVED_TOPOLOGY
CF-0394,LK-0012,LK-0073,HF,SHARED_NODE,24.0,0,true,共享节点不可同频复用,DERIVED_TOPOLOGY
CF-0395,LK-0012,LK-0076,HF,ADJACENT_CHANNEL_NEAR_PATH,0.5,60000,false,近距离相邻信道需保护间隔,DERIVED_TOPOLOGY
CF-0396,LK-0012,LK-0084,HF,ADJACENT_CHANNEL_NEAR_PATH,0.5,60000,false,近距离相邻信道需保护间隔,DERIVED_TOPOLOGY
CF-0397,LK-0012,LK-0085,HF,ADJACENT_CHANNEL_NEAR_PATH,24.0,60000,false,近距离相邻信道需保护间隔,DERIVED_TOPOLOGY
CF-0398,LK-0012,LK-0089,HF,SHARED_NODE,0.5,0,true,共享节点不可同频复用,DERIVED_TOPOLOGY
CF-0399,LK-0012,LK-0091,HF,ADJACENT_CHANNEL_NEAR_PATH,24.0,60000,false,近距离相邻信道需保护间隔,DERIVED_TOPOLOGY
CF-0400,LK-0012,LK-0092,HF,ADJACENT_CHANNEL_NEAR_PATH,24.0,60000,false,近距离相邻信道需保护间隔,DERIVED_TOPOLOGY
CF-0401,LK-0012,LK-0100,HF,ADJACENT_CHANNEL_NEAR_PATH,24.0,60000,false,近距离相邻信道需保护间隔,DERIVED_TOPOLOGY
CF-0402,LK-0012,LK-0101,HF,ADJACENT_CHANNEL_NEAR_PATH,0.5,60000,false,近距离相邻信道需保护间隔,DERIVED_TOPOLOGY
CF-0403,LK-0012,LK-0103,HF,ADJACENT_CHANNEL_NEAR_PATH,24.0,60000,false,近距离相邻信道需保护间隔,DERIVED_TOPOLOGY
CF-0404,LK-0012,LK-0105,HF,ADJACENT_CHANNEL_NEAR_PATH,24.0,60000,false,近距离相邻信道需保护间隔,DERIVED_TOPOLOGY
CF-0405,LK-0012,LK-0108,HF,ADJACENT_CHANNEL_NEAR_PATH,24.0,60000,false,近距离相邻信道需保护间隔,DERIVED_TOPOLOGY
CF-0406,LK-0012,LK-0112,HF,ADJACENT_CHANNEL_NEAR_PATH,24.0,60000,false,近距离相邻信道需保护间隔,DERIVED_TOPOLOGY
CF-0407,LK-0012,LK-0458,HF,SHARED_NODE,24.0,0,true,共享节点不可同频复用,DERIVED_TOPOLOGY
CF-0408,LK-0012,LK-0460,HF,SHARED_NODE,24.0,0,true,共享节点不可同频复用,DERIVED_TOPOLOGY
CF-0409,LK-0012,LK-0477,HF,SHARED_NODE,24.0,0,true,共享节点不可同频复用,DERIVED_TOPOLOGY
CF-0410,LK-0012,LK-0478,HF,SHARED_NODE,24.0,0,true,共享节点不可同频复用,DERIVED_TOPOLOGY
CF-0411,LK-0013,LK-0014,HF,ADJACENT_CHANNEL_NEAR_PATH,0.5,60000,false,近距离相邻信道需保护间隔,DERIVED_TOPOLOGY
CF-0412,LK-0013,LK-0015,HF,ADJACENT_CHANNEL_NEAR_PATH,24.0,60000,false,近距离相邻信道需保护间隔,DERIVED_TOPOLOGY
CF-0413,LK-0013,LK-0017,HF,ADJACENT_CHANNEL_NEAR_PATH,24.0,60000,false,近距离相邻信道需保护间隔,DERIVED_TOPOLOGY
CF-0414,LK-0013,LK-0018,HF,ADJACENT_CHANNEL_NEAR_PATH,24.0,60000,false,近距离相邻信道需保护间隔,DERIVED_TOPOLOGY
CF-0415,LK-0013,LK-0020,HF,ADJACENT_CHANNEL_NEAR_PATH,24.0,60000,false,近距离相邻信道需保护间隔,DERIVED_TOPOLOGY
CF-0416,LK-0013,LK-0021,HF,ADJACENT_CHANNEL_NEAR_PATH,0.5,60000,false,近距离相邻信道需保护间隔,DERIVED_TOPOLOGY
CF-0417,LK-0013,LK-0022,HF,ADJACENT_CHANNEL_NEAR_PATH,24.0,60000,false,近距离相邻信道需保护间隔,DERIVED_TOPOLOGY
CF-0418,LK-0013,LK-0025,HF,ADJACENT_CHANNEL_NEAR_PATH,0.5,60000,false,近距离相邻信道需保护间隔,DERIVED_TOPOLOGY
CF-0419,LK-0013,LK-0026,HF,ADJACENT_CHANNEL_NEAR_PATH,24.0,60000,false,近距离相邻信道需保护间隔,DERIVED_TOPOLOGY
CF-0420,LK-0013,LK-0028,HF,ADJACENT_CHANNEL_NEAR_PATH,3.0,60000,false,近距离相邻信道需保护间隔,DERIVED_TOPOLOGY
CF-0421,LK-0013,LK-0029,HF,ADJACENT_CHANNEL_NEAR_PATH,24.0,60000,false,近距离相邻信道需保护间隔,DERIVED_TOPOLOGY
CF-0422,LK-0013,LK-0031,HF,ADJACENT_CHANNEL_NEAR_PATH,0.5,60000,false,近距离相邻信道需保护间隔,DERIVED_TOPOLOGY
CF-0423,LK-0013,LK-0032,HF,ADJACENT_CHANNEL_NEAR_PATH,24.0,60000,false,近距离相邻信道需保护间隔,DERIVED_TOPOLOGY
CF-0424,LK-0013,LK-0033,HF,SHARED_NODE,0.5,0,true,共享节点不可同频复用,DERIVED_TOPOLOGY
CF-0425,LK-0013,LK-0034,HF,ADJACENT_CHANNEL_NEAR_PATH,24.0,60000,false,近距离相邻信道需保护间隔,DERIVED_TOPOLOGY
CF-0426,LK-0013,LK-0035,HF,ADJACENT_CHANNEL_NEAR_PATH,0.5,60000,false,近距离相邻信道需保护间隔,DERIVED_TOPOLOGY
CF-0427,LK-0013,LK-0036,HF,ADJACENT_CHANNEL_NEAR_PATH,0.5,60000,false,近距离相邻信道需保护间隔,DERIVED_TOPOLOGY
CF-0428,LK-0013,LK-0040,HF,ADJACENT_CHANNEL_NEAR_PATH,0.5,60000,false,近距离相邻信道需保护间隔,DERIVED_TOPOLOGY
CF-0429,LK-0013,LK-0042,HF,ADJACENT_CHANNEL_NEAR_PATH,0.5,60000,false,近距离相邻信道需保护间隔,DERIVED_TOPOLOGY
CF-0430,LK-0013,LK-0043,HF,ADJACENT_CHANNEL_NEAR_PATH,24.0,60000,false,近距离相邻信道需保护间隔,DERIVED_TOPOLOGY
CF-0431,LK-0013,LK-0044,HF,SHARED_NODE,3.0,0,true,共享节点不可同频复用,DERIVED_TOPOLOGY
CF-0432,LK-0013,LK-0045,HF,ADJACENT_CHANNEL_NEAR_PATH,24.0,60000,false,近距离相邻信道需保护间隔,DERIVED_TOPOLOGY
CF-0433,LK-0013,LK-0052,HF,ADJACENT_CHANNEL_NEAR_PATH,24.0,60000,false,近距离相邻信道需保护间隔,DERIVED_TOPOLOGY
CF-0434,LK-0013,LK-0055,HF,ADJACENT_CHANNEL_NEAR_PATH,24.0,60000,false,近距离相邻信道需保护间隔,DERIVED_TOPOLOGY
CF-0435,LK-0013,LK-0056,HF,ADJACENT_CHANNEL_NEAR_PATH,24.0,60000,false,近距离相邻信道需保护间隔,DERIVED_TOPOLOGY
CF-0436,LK-0013,LK-0059,HF,ADJACENT_CHANNEL_NEAR_PATH,24.0,60000,false,近距离相邻信道需保护间隔,DERIVED_TOPOLOGY
CF-0437,LK-0013,LK-0063,HF,ADJACENT_CHANNEL_NEAR_PATH,24.0,60000,false,近距离相邻信道需保护间隔,DERIVED_TOPOLOGY
CF-0438,LK-0013,LK-0064,HF,ADJACENT_CHANNEL_NEAR_PATH,0.5,60000,false,近距离相邻信道需保护间隔,DERIVED_TOPOLOGY
CF-0439,LK-0013,LK-0065,HF,ADJACENT_CHANNEL_NEAR_PATH,24.0,60000,false,近距离相邻信道需保护间隔,DERIVED_TOPOLOGY
CF-0440,LK-0013,LK-0070,HF,ADJACENT_CHANNEL_NEAR_PATH,0.5,60000,false,近距离相邻信道需保护间隔,DERIVED_TOPOLOGY
CF-0441,LK-0013,LK-0071,HF,ADJACENT_CHANNEL_NEAR_PATH,0.5,60000,false,近距离相邻信道需保护间隔,DERIVED_TOPOLOGY
CF-0442,LK-0013,LK-0073,HF,ADJACENT_CHANNEL_NEAR_PATH,24.0,60000,false,近距离相邻信道需保护间隔,DERIVED_TOPOLOGY
CF-0443,LK-0013,LK-0076,HF,ADJACENT_CHANNEL_NEAR_PATH,0.5,60000,false,近距离相邻信道需保护间隔,DERIVED_TOPOLOGY
CF-0444,LK-0013,LK-0084,HF,ADJACENT_CHANNEL_NEAR_PATH,0.5,60000,false,近距离相邻信道需保护间隔,DERIVED_TOPOLOGY
CF-0445,LK-0013,LK-0085,HF,ADJACENT_CHANNEL_NEAR_PATH,24.0,60000,false,近距离相邻信道需保护间隔,DERIVED_TOPOLOGY
CF-0446,LK-0013,LK-0089,HF,ADJACENT_CHANNEL_NEAR_PATH,0.5,60000,false,近距离相邻信道需保护间隔,DERIVED_TOPOLOGY
CF-0447,LK-0013,LK-0091,HF,ADJACENT_CHANNEL_NEAR_PATH,24.0,60000,false,近距离相邻信道需保护间隔,DERIVED_TOPOLOGY
CF-0448,LK-0013,LK-0092,HF,ADJACENT_CHANNEL_NEAR_PATH,24.0,60000,false,近距离相邻信道需保护间隔,DERIVED_TOPOLOGY
CF-0449,LK-0013,LK-0100,HF,ADJACENT_CHANNEL_NEAR_PATH,24.0,60000,false,近距离相邻信道需保护间隔,DERIVED_TOPOLOGY
CF-0450,LK-0013,LK-0101,HF,ADJACENT_CHANNEL_NEAR_PATH,0.5,60000,false,近距离相邻信道需保护间隔,DERIVED_TOPOLOGY
CF-0451,LK-0013,LK-0103,HF,ADJACENT_CHANNEL_NEAR_PATH,24.0,60000,false,近距离相邻信道需保护间隔,DERIVED_TOPOLOGY
CF-0452,LK-0013,LK-0105,HF,ADJACENT_CHANNEL_NEAR_PATH,24.0,60000,false,近距离相邻信道需保护间隔,DERIVED_TOPOLOGY
CF-0453,LK-0013,LK-0108,HF,ADJACENT_CHANNEL_NEAR_PATH,24.0,60000,false,近距离相邻信道需保护间隔,DERIVED_TOPOLOGY
CF-0454,LK-0013,LK-0112,HF,SHARED_NODE,24.0,0,true,共享节点不可同频复用,DERIVED_TOPOLOGY
CF-0455,LK-0013,LK-0177,HF,SHARED_NODE,0.5,0,true,共享节点不可同频复用,DERIVED_TOPOLOGY
CF-0456,LK-0013,LK-0297,HF,SHARED_NODE,24.0,0,true,共享节点不可同频复用,DERIVED_TOPOLOGY
CF-0457,LK-0014,LK-0015,HF,ADJACENT_CHANNEL_NEAR_PATH,24.0,60000,false,近距离相邻信道需保护间隔,DERIVED_TOPOLOGY
CF-0458,LK-0014,LK-0017,HF,ADJACENT_CHANNEL_NEAR_PATH,24.0,60000,false,近距离相邻信道需保护间隔,DERIVED_TOPOLOGY
CF-0459,LK-0014,LK-0018,HF,ADJACENT_CHANNEL_NEAR_PATH,24.0,60000,false,近距离相邻信道需保护间隔,DERIVED_TOPOLOGY
CF-0460,LK-0014,LK-0020,HF,ADJACENT_CHANNEL_NEAR_PATH,24.0,60000,false,近距离相邻信道需保护间隔,DERIVED_TOPOLOGY
CF-0461,LK-0014,LK-0021,HF,ADJACENT_CHANNEL_NEAR_PATH,0.5,60000,false,近距离相邻信道需保护间隔,DERIVED_TOPOLOGY
CF-0462,LK-0014,LK-0022,HF,ADJACENT_CHANNEL_NEAR_PATH,24.0,60000,false,近距离相邻信道需保护间隔,DERIVED_TOPOLOGY
CF-0463,LK-0014,LK-0025,HF,ADJACENT_CHANNEL_NEAR_PATH,0.5,60000,false,近距离相邻信道需保护间隔,DERIVED_TOPOLOGY
CF-0464,LK-0014,LK-0026,HF,ADJACENT_CHANNEL_NEAR_PATH,24.0,60000,false,近距离相邻信道需保护间隔,DERIVED_TOPOLOGY
CF-0465,LK-0014,LK-0028,HF,ADJACENT_CHANNEL_NEAR_PATH,3.0,60000,false,近距离相邻信道需保护间隔,DERIVED_TOPOLOGY
CF-0466,LK-0014,LK-0029,HF,ADJACENT_CHANNEL_NEAR_PATH,24.0,60000,false,近距离相邻信道需保护间隔,DERIVED_TOPOLOGY
CF-0467,LK-0014,LK-0031,HF,ADJACENT_CHANNEL_NEAR_PATH,0.5,60000,false,近距离相邻信道需保护间隔,DERIVED_TOPOLOGY
CF-0468,LK-0014,LK-0032,HF,ADJACENT_CHANNEL_NEAR_PATH,24.0,60000,false,近距离相邻信道需保护间隔,DERIVED_TOPOLOGY
CF-0469,LK-0014,LK-0033,HF,ADJACENT_CHANNEL_NEAR_PATH,0.5,60000,false,近距离相邻信道需保护间隔,DERIVED_TOPOLOGY
CF-0470,LK-0014,LK-0034,HF,ADJACENT_CHANNEL_NEAR_PATH,24.0,60000,false,近距离相邻信道需保护间隔,DERIVED_TOPOLOGY
CF-0471,LK-0014,LK-0035,HF,ADJACENT_CHANNEL_NEAR_PATH,0.5,60000,false,近距离相邻信道需保护间隔,DERIVED_TOPOLOGY
CF-0472,LK-0014,LK-0036,HF,ADJACENT_CHANNEL_NEAR_PATH,0.5,60000,false,近距离相邻信道需保护间隔,DERIVED_TOPOLOGY
CF-0473,LK-0014,LK-0040,HF,ADJACENT_CHANNEL_NEAR_PATH,0.5,60000,false,近距离相邻信道需保护间隔,DERIVED_TOPOLOGY
CF-0474,LK-0014,LK-0042,HF,ADJACENT_CHANNEL_NEAR_PATH,0.5,60000,false,近距离相邻信道需保护间隔,DERIVED_TOPOLOGY
CF-0475,LK-0014,LK-0043,HF,ADJACENT_CHANNEL_NEAR_PATH,24.0,60000,false,近距离相邻信道需保护间隔,DERIVED_TOPOLOGY
CF-0476,LK-0014,LK-0044,HF,ADJACENT_CHANNEL_NEAR_PATH,3.0,60000,false,近距离相邻信道需保护间隔,DERIVED_TOPOLOGY
CF-0477,LK-0014,LK-0045,HF,ADJACENT_CHANNEL_NEAR_PATH,24.0,60000,false,近距离相邻信道需保护间隔,DERIVED_TOPOLOGY
CF-0478,LK-0014,LK-0052,HF,ADJACENT_CHANNEL_NEAR_PATH,24.0,60000,false,近距离相邻信道需保护间隔,DERIVED_TOPOLOGY
CF-0479,LK-0014,LK-0055,HF,ADJACENT_CHANNEL_NEAR_PATH,24.0,60000,false,近距离相邻信道需保护间隔,DERIVED_TOPOLOGY
CF-0480,LK-0014,LK-0056,HF,ADJACENT_CHANNEL_NEAR_PATH,24.0,60000,false,近距离相邻信道需保护间隔,DERIVED_TOPOLOGY
CF-0481,LK-0014,LK-0059,HF,ADJACENT_CHANNEL_NEAR_PATH,24.0,60000,false,近距离相邻信道需保护间隔,DERIVED_TOPOLOGY
CF-0482,LK-0014,LK-0063,HF,ADJACENT_CHANNEL_NEAR_PATH,24.0,60000,false,近距离相邻信道需保护间隔,DERIVED_TOPOLOGY
CF-0483,LK-0014,LK-0064,HF,ADJACENT_CHANNEL_NEAR_PATH,0.5,60000,false,近距离相邻信道需保护间隔,DERIVED_TOPOLOGY
CF-0484,LK-0014,LK-0065,HF,ADJACENT_CHANNEL_NEAR_PATH,24.0,60000,false,近距离相邻信道需保护间隔,DERIVED_TOPOLOGY
CF-0485,LK-0014,LK-0070,HF,ADJACENT_CHANNEL_NEAR_PATH,0.5,60000,false,近距离相邻信道需保护间隔,DERIVED_TOPOLOGY
CF-0486,LK-0014,LK-0071,HF,ADJACENT_CHANNEL_NEAR_PATH,0.5,60000,false,近距离相邻信道需保护间隔,DERIVED_TOPOLOGY
CF-0487,LK-0014,LK-0073,HF,ADJACENT_CHANNEL_NEAR_PATH,24.0,60000,false,近距离相邻信道需保护间隔,DERIVED_TOPOLOGY
CF-0488,LK-0014,LK-0076,HF,ADJACENT_CHANNEL_NEAR_PATH,0.5,60000,false,近距离相邻信道需保护间隔,DERIVED_TOPOLOGY
CF-0489,LK-0014,LK-0084,HF,SHARED_NODE,0.5,0,true,共享节点不可同频复用,DERIVED_TOPOLOGY
CF-0490,LK-0014,LK-0085,HF,ADJACENT_CHANNEL_NEAR_PATH,24.0,60000,false,近距离相邻信道需保护间隔,DERIVED_TOPOLOGY
CF-0491,LK-0014,LK-0089,HF,ADJACENT_CHANNEL_NEAR_PATH,0.5,60000,false,近距离相邻信道需保护间隔,DERIVED_TOPOLOGY
CF-0492,LK-0014,LK-0091,HF,ADJACENT_CHANNEL_NEAR_PATH,24.0,60000,false,近距离相邻信道需保护间隔,DERIVED_TOPOLOGY
CF-0493,LK-0014,LK-0092,HF,ADJACENT_CHANNEL_NEAR_PATH,24.0,60000,false,近距离相邻信道需保护间隔,DERIVED_TOPOLOGY
CF-0494,LK-0014,LK-0100,HF,ADJACENT_CHANNEL_NEAR_PATH,24.0,60000,false,近距离相邻信道需保护间隔,DERIVED_TOPOLOGY
CF-0495,LK-0014,LK-0101,HF,ADJACENT_CHANNEL_NEAR_PATH,0.5,60000,false,近距离相邻信道需保护间隔,DERIVED_TOPOLOGY
CF-0496,LK-0014,LK-0103,HF,ADJACENT_CHANNEL_NEAR_PATH,24.0,60000,false,近距离相邻信道需保护间隔,DERIVED_TOPOLOGY
CF-0497,LK-0014,LK-0105,HF,ADJACENT_CHANNEL_NEAR_PATH,24.0,60000,false,近距离相邻信道需保护间隔,DERIVED_TOPOLOGY
CF-0498,LK-0014,LK-0108,HF,ADJACENT_CHANNEL_NEAR_PATH,24.0,60000,false,近距离相邻信道需保护间隔,DERIVED_TOPOLOGY
CF-0499,LK-0014,LK-0112,HF,ADJACENT_CHANNEL_NEAR_PATH,24.0,60000,false,近距离相邻信道需保护间隔,DERIVED_TOPOLOGY
CF-0500,LK-0014,LK-0182,HF,SHARED_NODE,24.0,0,true,共享节点不可同频复用,DERIVED_TOPOLOGY
CF-0501,LK-0014,LK-0197,HF,SHARED_NODE,24.0,0,true,共享节点不可同频复用,DERIVED_TOPOLOGY
CF-0502,LK-0014,LK-0432,HF,SHARED_NODE,24.0,0,true,共享节点不可同频复用,DERIVED_TOPOLOGY
CF-0503,LK-0014,LK-0487,HF,SHARED_NODE,24.0,0,true,共享节点不可同频复用,DERIVED_TOPOLOGY
CF-0504,LK-0015,LK-0017,HF,ADJACENT_CHANNEL_NEAR_PATH,24.0,60000,false,近距离相邻信道需保护间隔,DERIVED_TOPOLOGY
CF-0505,LK-0015,LK-0018,HF,ADJACENT_CHANNEL_NEAR_PATH,24.0,60000,false,近距离相邻信道需保护间隔,DERIVED_TOPOLOGY
CF-0506,LK-0015,LK-0020,HF,ADJACENT_CHANNEL_NEAR_PATH,24.0,60000,false,近距离相邻信道需保护间隔,DERIVED_TOPOLOGY
CF-0507,LK-0015,LK-0021,HF,ADJACENT_CHANNEL_NEAR_PATH,24.0,60000,false,近距离相邻信道需保护间隔,DERIVED_TOPOLOGY
CF-0508,LK-0015,LK-0022,HF,ADJACENT_CHANNEL_NEAR_PATH,24.0,60000,false,近距离相邻信道需保护间隔,DERIVED_TOPOLOGY
CF-0509,LK-0015,LK-0025,HF,ADJACENT_CHANNEL_NEAR_PATH,24.0,60000,false,近距离相邻信道需保护间隔,DERIVED_TOPOLOGY
CF-0510,LK-0015,LK-0026,HF,ADJACENT_CHANNEL_NEAR_PATH,24.0,60000,false,近距离相邻信道需保护间隔,DERIVED_TOPOLOGY
CF-0511,LK-0015,LK-0028,HF,ADJACENT_CHANNEL_NEAR_PATH,24.0,60000,false,近距离相邻信道需保护间隔,DERIVED_TOPOLOGY
CF-0512,LK-0015,LK-0029,HF,ADJACENT_CHANNEL_NEAR_PATH,24.0,60000,false,近距离相邻信道需保护间隔,DERIVED_TOPOLOGY
CF-0513,LK-0015,LK-0031,HF,ADJACENT_CHANNEL_NEAR_PATH,24.0,60000,false,近距离相邻信道需保护间隔,DERIVED_TOPOLOGY
CF-0514,LK-0015,LK-0032,HF,ADJACENT_CHANNEL_NEAR_PATH,24.0,60000,false,近距离相邻信道需保护间隔,DERIVED_TOPOLOGY
CF-0515,LK-0015,LK-0033,HF,ADJACENT_CHANNEL_NEAR_PATH,24.0,60000,false,近距离相邻信道需保护间隔,DERIVED_TOPOLOGY
CF-0516,LK-0015,LK-0034,HF,ADJACENT_CHANNEL_NEAR_PATH,24.0,60000,false,近距离相邻信道需保护间隔,DERIVED_TOPOLOGY
CF-0517,LK-0015,LK-0035,HF,ADJACENT_CHANNEL_NEAR_PATH,24.0,60000,false,近距离相邻信道需保护间隔,DERIVED_TOPOLOGY
CF-0518,LK-0015,LK-0036,HF,ADJACENT_CHANNEL_NEAR_PATH,24.0,60000,false,近距离相邻信道需保护间隔,DERIVED_TOPOLOGY
CF-0519,LK-0015,LK-0040,HF,ADJACENT_CHANNEL_NEAR_PATH,24.0,60000,false,近距离相邻信道需保护间隔,DERIVED_TOPOLOGY
CF-0520,LK-0015,LK-0042,HF,ADJACENT_CHANNEL_NEAR_PATH,24.0,60000,false,近距离相邻信道需保护间隔,DERIVED_TOPOLOGY
CF-0521,LK-0015,LK-0043,HF,SHARED_NODE,24.0,0,true,共享节点不可同频复用,DERIVED_TOPOLOGY
CF-0522,LK-0015,LK-0044,HF,ADJACENT_CHANNEL_NEAR_PATH,24.0,60000,false,近距离相邻信道需保护间隔,DERIVED_TOPOLOGY
CF-0523,LK-0015,LK-0045,HF,ADJACENT_CHANNEL_NEAR_PATH,24.0,60000,false,近距离相邻信道需保护间隔,DERIVED_TOPOLOGY
CF-0524,LK-0015,LK-0052,HF,ADJACENT_CHANNEL_NEAR_PATH,24.0,60000,false,近距离相邻信道需保护间隔,DERIVED_TOPOLOGY
CF-0525,LK-0015,LK-0055,HF,ADJACENT_CHANNEL_NEAR_PATH,24.0,60000,false,近距离相邻信道需保护间隔,DERIVED_TOPOLOGY
CF-0526,LK-0015,LK-0056,HF,ADJACENT_CHANNEL_NEAR_PATH,24.0,60000,false,近距离相邻信道需保护间隔,DERIVED_TOPOLOGY
CF-0527,LK-0015,LK-0059,HF,ADJACENT_CHANNEL_NEAR_PATH,24.0,60000,false,近距离相邻信道需保护间隔,DERIVED_TOPOLOGY
CF-0528,LK-0015,LK-0063,HF,SHARED_NODE,24.0,0,true,共享节点不可同频复用,DERIVED_TOPOLOGY
CF-0529,LK-0015,LK-0064,HF,ADJACENT_CHANNEL_NEAR_PATH,24.0,60000,false,近距离相邻信道需保护间隔,DERIVED_TOPOLOGY
CF-0530,LK-0015,LK-0065,HF,ADJACENT_CHANNEL_NEAR_PATH,24.0,60000,false,近距离相邻信道需保护间隔,DERIVED_TOPOLOGY
CF-0531,LK-0015,LK-0070,HF,ADJACENT_CHANNEL_NEAR_PATH,24.0,60000,false,近距离相邻信道需保护间隔,DERIVED_TOPOLOGY
CF-0532,LK-0015,LK-0071,HF,ADJACENT_CHANNEL_NEAR_PATH,24.0,60000,false,近距离相邻信道需保护间隔,DERIVED_TOPOLOGY
CF-0533,LK-0015,LK-0073,HF,ADJACENT_CHANNEL_NEAR_PATH,24.0,60000,false,近距离相邻信道需保护间隔,DERIVED_TOPOLOGY
CF-0534,LK-0015,LK-0076,HF,ADJACENT_CHANNEL_NEAR_PATH,24.0,60000,false,近距离相邻信道需保护间隔,DERIVED_TOPOLOGY
CF-0535,LK-0015,LK-0084,HF,ADJACENT_CHANNEL_NEAR_PATH,24.0,60000,false,近距离相邻信道需保护间隔,DERIVED_TOPOLOGY
CF-0536,LK-0015,LK-0085,HF,ADJACENT_CHANNEL_NEAR_PATH,24.0,60000,false,近距离相邻信道需保护间隔,DERIVED_TOPOLOGY
CF-0537,LK-0015,LK-0089,HF,ADJACENT_CHANNEL_NEAR_PATH,24.0,60000,false,近距离相邻信道需保护间隔,DERIVED_TOPOLOGY
CF-0538,LK-0015,LK-0091,HF,ADJACENT_CHANNEL_NEAR_PATH,24.0,60000,false,近距离相邻信道需保护间隔,DERIVED_TOPOLOGY
CF-0539,LK-0015,LK-0092,HF,ADJACENT_CHANNEL_NEAR_PATH,24.0,60000,false,近距离相邻信道需保护间隔,DERIVED_TOPOLOGY
CF-0540,LK-0015,LK-0100,HF,ADJACENT_CHANNEL_NEAR_PATH,24.0,60000,false,近距离相邻信道需保护间隔,DERIVED_TOPOLOGY
CF-0541,LK-0015,LK-0101,HF,ADJACENT_CHANNEL_NEAR_PATH,24.0,60000,false,近距离相邻信道需保护间隔,DERIVED_TOPOLOGY
CF-0542,LK-0015,LK-0103,HF,ADJACENT_CHANNEL_NEAR_PATH,24.0,60000,false,近距离相邻信道需保护间隔,DERIVED_TOPOLOGY
CF-0543,LK-0015,LK-0105,HF,ADJACENT_CHANNEL_NEAR_PATH,24.0,60000,false,近距离相邻信道需保护间隔,DERIVED_TOPOLOGY
CF-0544,LK-0015,LK-0108,HF,ADJACENT_CHANNEL_NEAR_PATH,24.0,60000,false,近距离相邻信道需保护间隔,DERIVED_TOPOLOGY
CF-0545,LK-0015,LK-0112,HF,ADJACENT_CHANNEL_NEAR_PATH,24.0,60000,false,近距离相邻信道需保护间隔,DERIVED_TOPOLOGY
CF-0546,LK-0015,LK-0197,HF,SHARED_NODE,24.0,0,true,共享节点不可同频复用,DERIVED_TOPOLOGY
CF-0547,LK-0015,LK-0411,HF,SHARED_NODE,24.0,0,true,共享节点不可同频复用,DERIVED_TOPOLOGY
CF-0548,LK-0017,LK-0018,HF,ADJACENT_CHANNEL_NEAR_PATH,24.0,60000,false,近距离相邻信道需保护间隔,DERIVED_TOPOLOGY
CF-0549,LK-0017,LK-0020,HF,ADJACENT_CHANNEL_NEAR_PATH,24.0,60000,false,近距离相邻信道需保护间隔,DERIVED_TOPOLOGY
CF-0550,LK-0017,LK-0021,HF,ADJACENT_CHANNEL_NEAR_PATH,24.0,60000,false,近距离相邻信道需保护间隔,DERIVED_TOPOLOGY
CF-0551,LK-0017,LK-0022,HF,ADJACENT_CHANNEL_NEAR_PATH,24.0,60000,false,近距离相邻信道需保护间隔,DERIVED_TOPOLOGY
CF-0552,LK-0017,LK-0025,HF,ADJACENT_CHANNEL_NEAR_PATH,24.0,60000,false,近距离相邻信道需保护间隔,DERIVED_TOPOLOGY
CF-0553,LK-0017,LK-0026,HF,ADJACENT_CHANNEL_NEAR_PATH,24.0,60000,false,近距离相邻信道需保护间隔,DERIVED_TOPOLOGY
CF-0554,LK-0017,LK-0028,HF,ADJACENT_CHANNEL_NEAR_PATH,24.0,60000,false,近距离相邻信道需保护间隔,DERIVED_TOPOLOGY
CF-0555,LK-0017,LK-0029,HF,ADJACENT_CHANNEL_NEAR_PATH,24.0,60000,false,近距离相邻信道需保护间隔,DERIVED_TOPOLOGY
CF-0556,LK-0017,LK-0031,HF,ADJACENT_CHANNEL_NEAR_PATH,24.0,60000,false,近距离相邻信道需保护间隔,DERIVED_TOPOLOGY
CF-0557,LK-0017,LK-0032,HF,ADJACENT_CHANNEL_NEAR_PATH,24.0,60000,false,近距离相邻信道需保护间隔,DERIVED_TOPOLOGY
CF-0558,LK-0017,LK-0033,HF,ADJACENT_CHANNEL_NEAR_PATH,24.0,60000,false,近距离相邻信道需保护间隔,DERIVED_TOPOLOGY
CF-0559,LK-0017,LK-0034,HF,ADJACENT_CHANNEL_NEAR_PATH,24.0,60000,false,近距离相邻信道需保护间隔,DERIVED_TOPOLOGY
CF-0560,LK-0017,LK-0035,HF,ADJACENT_CHANNEL_NEAR_PATH,24.0,60000,false,近距离相邻信道需保护间隔,DERIVED_TOPOLOGY
CF-0561,LK-0017,LK-0036,HF,ADJACENT_CHANNEL_NEAR_PATH,24.0,60000,false,近距离相邻信道需保护间隔,DERIVED_TOPOLOGY
CF-0562,LK-0017,LK-0040,HF,ADJACENT_CHANNEL_NEAR_PATH,24.0,60000,false,近距离相邻信道需保护间隔,DERIVED_TOPOLOGY
CF-0563,LK-0017,LK-0042,HF,ADJACENT_CHANNEL_NEAR_PATH,24.0,60000,false,近距离相邻信道需保护间隔,DERIVED_TOPOLOGY
CF-0564,LK-0017,LK-0043,HF,ADJACENT_CHANNEL_NEAR_PATH,24.0,60000,false,近距离相邻信道需保护间隔,DERIVED_TOPOLOGY
CF-0565,LK-0017,LK-0044,HF,ADJACENT_CHANNEL_NEAR_PATH,24.0,60000,false,近距离相邻信道需保护间隔,DERIVED_TOPOLOGY
CF-0566,LK-0017,LK-0045,HF,ADJACENT_CHANNEL_NEAR_PATH,24.0,60000,false,近距离相邻信道需保护间隔,DERIVED_TOPOLOGY
CF-0567,LK-0017,LK-0052,HF,ADJACENT_CHANNEL_NEAR_PATH,24.0,60000,false,近距离相邻信道需保护间隔,DERIVED_TOPOLOGY
CF-0568,LK-0017,LK-0055,HF,ADJACENT_CHANNEL_NEAR_PATH,24.0,60000,false,近距离相邻信道需保护间隔,DERIVED_TOPOLOGY
CF-0569,LK-0017,LK-0056,HF,ADJACENT_CHANNEL_NEAR_PATH,24.0,60000,false,近距离相邻信道需保护间隔,DERIVED_TOPOLOGY
CF-0570,LK-0017,LK-0059,HF,ADJACENT_CHANNEL_NEAR_PATH,24.0,60000,false,近距离相邻信道需保护间隔,DERIVED_TOPOLOGY
CF-0571,LK-0017,LK-0063,HF,ADJACENT_CHANNEL_NEAR_PATH,24.0,60000,false,近距离相邻信道需保护间隔,DERIVED_TOPOLOGY
CF-0572,LK-0017,LK-0064,HF,SHARED_NODE,24.0,0,true,共享节点不可同频复用,DERIVED_TOPOLOGY
CF-0573,LK-0017,LK-0065,HF,ADJACENT_CHANNEL_NEAR_PATH,24.0,60000,false,近距离相邻信道需保护间隔,DERIVED_TOPOLOGY
CF-0574,LK-0017,LK-0070,HF,ADJACENT_CHANNEL_NEAR_PATH,24.0,60000,false,近距离相邻信道需保护间隔,DERIVED_TOPOLOGY
CF-0575,LK-0017,LK-0071,HF,ADJACENT_CHANNEL_NEAR_PATH,24.0,60000,false,近距离相邻信道需保护间隔,DERIVED_TOPOLOGY
CF-0576,LK-0017,LK-0073,HF,ADJACENT_CHANNEL_NEAR_PATH,24.0,60000,false,近距离相邻信道需保护间隔,DERIVED_TOPOLOGY
CF-0577,LK-0017,LK-0076,HF,SHARED_NODE,24.0,0,true,共享节点不可同频复用,DERIVED_TOPOLOGY
CF-0578,LK-0017,LK-0084,HF,ADJACENT_CHANNEL_NEAR_PATH,24.0,60000,false,近距离相邻信道需保护间隔,DERIVED_TOPOLOGY
CF-0579,LK-0017,LK-0085,HF,ADJACENT_CHANNEL_NEAR_PATH,24.0,60000,false,近距离相邻信道需保护间隔,DERIVED_TOPOLOGY
CF-0580,LK-0017,LK-0089,HF,ADJACENT_CHANNEL_NEAR_PATH,24.0,60000,false,近距离相邻信道需保护间隔,DERIVED_TOPOLOGY
CF-0581,LK-0017,LK-0091,HF,ADJACENT_CHANNEL_NEAR_PATH,24.0,60000,false,近距离相邻信道需保护间隔,DERIVED_TOPOLOGY
CF-0582,LK-0017,LK-0092,HF,ADJACENT_CHANNEL_NEAR_PATH,24.0,60000,false,近距离相邻信道需保护间隔,DERIVED_TOPOLOGY
CF-0583,LK-0017,LK-0100,HF,ADJACENT_CHANNEL_NEAR_PATH,24.0,60000,false,近距离相邻信道需保护间隔,DERIVED_TOPOLOGY
CF-0584,LK-0017,LK-0101,HF,ADJACENT_CHANNEL_NEAR_PATH,24.0,60000,false,近距离相邻信道需保护间隔,DERIVED_TOPOLOGY
CF-0585,LK-0017,LK-0103,HF,ADJACENT_CHANNEL_NEAR_PATH,24.0,60000,false,近距离相邻信道需保护间隔,DERIVED_TOPOLOGY
CF-0586,LK-0017,LK-0105,HF,ADJACENT_CHANNEL_NEAR_PATH,24.0,60000,false,近距离相邻信道需保护间隔,DERIVED_TOPOLOGY
CF-0587,LK-0017,LK-0108,HF,ADJACENT_CHANNEL_NEAR_PATH,24.0,60000,false,近距离相邻信道需保护间隔,DERIVED_TOPOLOGY
CF-0588,LK-0017,LK-0112,HF,ADJACENT_CHANNEL_NEAR_PATH,24.0,60000,false,近距离相邻信道需保护间隔,DERIVED_TOPOLOGY
CF-0589,LK-0017,LK-0136,HF,SHARED_NODE,24.0,0,true,共享节点不可同频复用,DERIVED_TOPOLOGY
CF-0590,LK-0017,LK-0145,HF,SHARED_NODE,24.0,0,true,共享节点不可同频复用,DERIVED_TOPOLOGY
CF-0591,LK-0017,LK-0224,HF,SHARED_NODE,24.0,0,true,共享节点不可同频复用,DERIVED_TOPOLOGY
CF-0592,LK-0017,LK-0413,HF,SHARED_NODE,24.0,0,true,共享节点不可同频复用,DERIVED_TOPOLOGY
CF-0593,LK-0017,LK-0414,HF,SHARED_NODE,24.0,0,true,共享节点不可同频复用,DERIVED_TOPOLOGY
CF-0594,LK-0017,LK-0457,HF,SHARED_NODE,24.0,0,true,共享节点不可同频复用,DERIVED_TOPOLOGY
CF-0595,LK-0018,LK-0020,HF,ADJACENT_CHANNEL_NEAR_PATH,24.0,60000,false,近距离相邻信道需保护间隔,DERIVED_TOPOLOGY
CF-0596,LK-0018,LK-0021,HF,ADJACENT_CHANNEL_NEAR_PATH,24.0,60000,false,近距离相邻信道需保护间隔,DERIVED_TOPOLOGY
CF-0597,LK-0018,LK-0022,HF,ADJACENT_CHANNEL_NEAR_PATH,24.0,60000,false,近距离相邻信道需保护间隔,DERIVED_TOPOLOGY
CF-0598,LK-0018,LK-0025,HF,ADJACENT_CHANNEL_NEAR_PATH,24.0,60000,false,近距离相邻信道需保护间隔,DERIVED_TOPOLOGY
CF-0599,LK-0018,LK-0026,HF,ADJACENT_CHANNEL_NEAR_PATH,24.0,60000,false,近距离相邻信道需保护间隔,DERIVED_TOPOLOGY
CF-0600,LK-0018,LK-0028,HF,ADJACENT_CHANNEL_NEAR_PATH,24.0,60000,false,近距离相邻信道需保护间隔,DERIVED_TOPOLOGY
