link_id,node_a_id,node_b_id,device_a_id,device_b_id,device_class,freq_khz,bandwidth_khz,distance_m,path_loss_db,rx_power_dbm,link_margin_db,is_available,link_state,is_backup
LK-0001,ND-0111,ND-0114,DV-0351,DV-0363,HF,3195.7,3.0,1.2,-15.62,65.62,141.41,true,EXCELLENT,false
LK-0002,ND-0044,ND-0048,DV-0244,DV-0264,HF,3195.7,2.1,4.1,-4.89,55.89,133.22,true,EXCELLENT,false
LK-0003,ND-0044,ND-0048,DV-0245,DV-0265,VUHF,465906.2,12.5,4.1,47.96,-3.16,108.53,true,EXCELLENT,false
LK-0004,ND-0007,ND-0010,DV-0067,DV-0079,HF,3195.7,0.5,5.0,-3.15,53.15,136.72,true,EXCELLENT,false
LK-0005,ND-0007,ND-0010,DV-0068,DV-0080,VUHF,465906.2,12.5,5.0,57.2,-12.4,99.29,true,EXCELLENT,false
LK-0006,ND-0112,ND-0125,DV-0355,DV-0399,HF,3195.7,24.0,10.1,2.94,52.06,118.82,true,EXCELLENT,false
LK-0007,ND-0021,ND-0034,DV-0127,DV-0194,HF,3195.7,24.0,12.0,4.47,50.53,117.28,true,EXCELLENT,false
LK-0008,ND-0021,ND-0034,DV-0128,DV-0195,VUHF,465906.2,12.5,12.0,47.34,-2.54,109.15,true,EXCELLENT,false
LK-0009,ND-0031,ND-0032,DV-0180,DV-0185,VUHF,465906.2,12.5,24.7,53.59,-8.79,102.9,true,EXCELLENT,false
LK-0010,ND-0031,ND-0032,DV-0179,DV-0184,HF,3195.7,24.0,24.7,10.88,36.12,102.87,true,EXCELLENT,false
LK-0011,ND-0111,ND-0123,DV-0351,DV-0395,HF,3195.7,3.0,51.1,17.48,29.52,105.3,true,EXCELLENT,false
LK-0012,ND-0115,ND-0127,DV-0367,DV-0403,HF,3195.7,2.1,53.0,18.26,36.74,114.07,true,EXCELLENT,false
LK-0013,ND-0113,ND-0116,DV-0359,DV-0371,HF,3195.7,0.5,54.0,17.99,28.01,111.58,true,EXCELLENT,false
LK-0014,ND-0009,ND-0035,DV-0073,DV-0199,HF,3195.7,2.1,56.2,18.8,31.2,108.54,true,EXCELLENT,false
LK-0015,ND-0043,ND-0118,DV-0239,DV-0379,HF,3195.7,3.0,71.6,21.11,25.89,101.67,true,EXCELLENT,false
LK-0016,ND-0032,ND-0036,DV-0184,DV-0204,HF,3195.7,0.5,86.1,22.3,24.7,108.27,true,EXCELLENT,false
LK-0017,ND-0032,ND-0036,DV-0185,DV-0205,VUHF,465906.2,12.5,86.1,64.43,-19.63,92.05,true,EXCELLENT,false
LK-0018,ND-0045,ND-0126,DV-0249,DV-0401,HF,3195.7,3.0,89.5,22.67,24.33,100.12,true,EXCELLENT,false
LK-0019,ND-0011,ND-0014,DV-0085,DV-0097,HF,3195.7,24.0,99.5,24.31,34.69,101.45,true,EXCELLENT,false
LK-0020,ND-0011,ND-0014,DV-0086,DV-0098,VUHF,465906.2,12.5,99.5,83.51,-38.71,72.98,true,EXCELLENT,false
LK-0021,ND-0125,ND-0132,DV-0399,DV-0413,HF,3195.7,3.0,104.0,24.08,30.92,106.71,true,EXCELLENT,false
LK-0022,ND-0028,ND-0065,DV-0165,DV-0293,VUHF,465906.2,12.5,140.9,85.98,-41.18,70.5,true,EXCELLENT,false
LK-0023,ND-0032,ND-0112,DV-0184,DV-0355,HF,3195.7,0.5,209.0,30.87,20.13,103.7,true,EXCELLENT,false
LK-0024,ND-0120,ND-0131,DV-0387,DV-0411,HF,3195.7,2.1,316.3,36.46,2.54,79.87,true,EXCELLENT,false
LK-0025,ND-0020,ND-0021,DV-0125,DV-0128,VUHF,465906.2,12.5,351.0,78.92,-34.12,77.56,true,EXCELLENT,false
LK-0026,ND-0125,ND-0128,DV-0399,DV-0405,HF,3195.7,3.0,383.4,38.71,16.29,92.07,true,EXCELLENT,false
LK-0027,ND-0019,ND-0034,DV-0121,DV-0194,HF,3195.7,2.1,388.7,37.42,25.58,102.91,true,EXCELLENT,false
LK-0028,ND-0019,ND-0021,DV-0122,DV-0128,VUHF,148218.8,12.5,400.7,70.9,-23.9,83.84,true,EXCELLENT,false
LK-0029,ND-0123,ND-0130,DV-0395,DV-0409,HF,3195.7,3.0,496.3,40.09,2.91,78.7,true,EXCELLENT,false
LK-0030,ND-0012,ND-0119,DV-0088,DV-0383,HF,3195.7,0.5,605.6,44.51,2.49,86.06,true,EXCELLENT,false
LK-0031,ND-0019,ND-0020,DV-0121,DV-0124,HF,3195.7,2.1,751.1,45.16,16.84,94.17,true,EXCELLENT,false
LK-0032,ND-0110,ND-0121,DV-0347,DV-0391,HF,3195.7,2.1,788.3,45.72,-2.72,74.61,true,EXCELLENT,false
LK-0033,ND-0032,ND-0117,DV-0184,DV-0375,HF,3195.7,0.5,793.4,48.29,-1.29,82.28,true,EXCELLENT,false
LK-0034,ND-0109,ND-0122,DV-0343,DV-0393,HF,3195.7,3.0,812.5,46.17,0.83,76.61,true,EXCELLENT,false
LK-0035,ND-0024,ND-0126,DV-0144,DV-0401,HF,3195.7,2.1,871.2,47.04,3.96,81.3,true,EXCELLENT,false
LK-0036,ND-0022,ND-0106,DV-0134,DV-0334,VUHF,465906.2,12.5,876.3,103.73,-58.93,52.76,true,EXCELLENT,false
LK-0037,ND-0012,ND-0092,DV-0089,DV-0320,VUHF,465906.2,12.5,884.3,134.96,-90.16,21.52,true,EXCELLENT,false
LK-0038,ND-0109,ND-0129,DV-0343,DV-0407,HF,3195.7,3.0,886.2,47.26,-4.26,71.52,true,EXCELLENT,false
LK-0039,ND-0035,ND-0117,DV-0199,DV-0375,HF,3195.7,3.0,1017.2,52.04,-2.04,73.75,true,EXCELLENT,false
LK-0040,ND-0125,ND-0127,DV-0399,DV-0403,HF,3195.7,3.0,1019.1,52.07,10.93,86.72,true,EXCELLENT,false
LK-0041,ND-0023,ND-0033,DV-0139,DV-0189,HF,3195.7,3.0,1070.9,52.84,6.16,81.94,true,EXCELLENT,false
LK-0042,ND-0023,ND-0033,DV-0140,DV-0190,VUHF,148218.8,12.5,1070.9,95.39,-48.39,59.36,true,EXCELLENT,false
LK-0043,ND-0024,ND-0101,DV-0145,DV-0329,VUHF,465906.2,12.5,1109.8,86.71,-41.91,69.78,true,EXCELLENT,false
LK-0044,ND-0026,ND-0077,DV-0155,DV-0305,VUHF,465906.2,12.5,1114.2,95.28,-50.48,61.2,true,EXCELLENT,false
LK-0045,ND-0023,ND-0101,DV-0140,DV-0329,VUHF,148218.8,12.5,1140.3,81.54,-34.54,73.21,true,EXCELLENT,false
LK-0046,ND-0007,ND-0099,DV-0068,DV-0327,VUHF,148218.8,12.5,1217.4,85.26,-36.26,71.49,true,EXCELLENT,false
LK-0047,ND-0025,ND-0072,DV-0150,DV-0300,VUHF,465906.2,12.5,1278.7,87.94,-43.14,68.54,true,EXCELLENT,false
LK-0048,ND-0029,ND-0071,DV-0170,DV-0299,VUHF,148218.8,12.5,1281.4,97.96,-45.96,61.78,true,EXCELLENT,false
LK-0049,ND-0028,ND-0038,DV-0164,DV-0214,HF,3195.7,3.0,1285.0,55.77,-4.77,71.02,true,EXCELLENT,false
LK-0050,ND-0028,ND-0038,DV-0165,DV-0215,VUHF,465906.2,12.5,1285.0,96.36,-51.56,60.13,true,EXCELLENT,false
LK-0051,ND-0031,ND-0051,DV-0180,DV-0279,VUHF,148218.8,12.5,1314.2,80.7,-33.7,74.04,true,EXCELLENT,false
LK-0052,ND-0044,ND-0060,DV-0245,DV-0288,VUHF,465906.2,12.5,1352.0,88.43,-43.63,68.06,true,EXCELLENT,false
LK-0053,ND-0048,ND-0060,DV-0265,DV-0288,VUHF,465906.2,12.5,1355.1,98.31,-53.51,58.18,true,EXCELLENT,false
LK-0054,ND-0023,ND-0024,DV-0139,DV-0144,HF,3195.7,3.0,1399.1,53.77,1.23,77.01,true,EXCELLENT,false
LK-0055,ND-0037,ND-0111,DV-0209,DV-0351,HF,3195.7,0.5,1406.6,57.25,-7.25,76.32,true,EXCELLENT,false
LK-0056,ND-0045,ND-0100,DV-0250,DV-0328,VUHF,465906.2,12.5,1432.7,147.71,-102.91,8.78,true,WARNING,false
LK-0057,ND-0037,ND-0119,DV-0209,DV-0383,HF,3195.7,0.5,1434.4,57.57,-10.57,73.0,true,EXCELLENT,false
LK-0058,ND-0023,ND-0085,DV-0140,DV-0313,VUHF,148218.8,12.5,1440.0,83.57,-36.57,71.18,true,EXCELLENT,false
LK-0059,ND-0030,ND-0049,DV-0174,DV-0269,HF,3195.7,3.0,1445.2,54.29,3.71,79.49,true,EXCELLENT,false
LK-0060,ND-0030,ND-0049,DV-0175,DV-0270,VUHF,465906.2,12.5,1445.2,94.82,-50.02,61.66,true,EXCELLENT,false
LK-0061,ND-0072,ND-0096,DV-0300,DV-0324,VUHF,465906.2,12.5,1505.2,119.56,-74.76,36.92,true,EXCELLENT,false
LK-0062,ND-0027,ND-0043,DV-0159,DV-0239,HF,3195.7,0.5,1603.6,55.88,-4.88,78.69,true,EXCELLENT,false
LK-0063,ND-0027,ND-0043,DV-0160,DV-0240,VUHF,148218.8,12.5,1603.6,88.19,-41.19,66.55,true,EXCELLENT,false
LK-0064,ND-0027,ND-0035,DV-0159,DV-0199,HF,3195.7,0.5,1657.6,59.96,-5.96,77.61,true,EXCELLENT,false
LK-0065,ND-0118,ND-0126,DV-0379,DV-0401,HF,3195.7,0.5,1670.6,60.08,-13.08,70.48,true,EXCELLENT,false
LK-0066,ND-0029,ND-0040,DV-0169,DV-0224,HF,3195.7,2.1,1697.5,60.35,-10.35,66.99,true,EXCELLENT,false
LK-0067,ND-0029,ND-0040,DV-0170,DV-0225,VUHF,465906.2,12.5,1697.5,115.19,-65.39,46.29,true,EXCELLENT,false
LK-0068,ND-0045,ND-0101,DV-0250,DV-0329,VUHF,148218.8,12.5,1702.3,84.2,-37.2,70.55,true,EXCELLENT,false
LK-0069,ND-0009,ND-0031,DV-0074,DV-0180,VUHF,148218.8,12.5,1729.8,80.62,-31.62,76.13,true,EXCELLENT,false
LK-0070,ND-0009,ND-0032,DV-0074,DV-0185,VUHF,465906.2,12.5,1754.4,90.62,-43.82,67.87,true,EXCELLENT,false
LK-0071,ND-0031,ND-0035,DV-0180,DV-0200,VUHF,148218.8,12.5,1785.9,84.42,-37.42,70.32,true,EXCELLENT,false
LK-0072,ND-0110,ND-0120,DV-0347,DV-0387,HF,3195.7,2.1,1913.2,58.68,-7.68,69.65,true,EXCELLENT,false
LK-0073,ND-0009,ND-0100,DV-0074,DV-0328,VUHF,465906.2,12.5,1934.6,142.93,-96.13,15.56,true,GOOD,false
LK-0074,ND-0031,ND-0091,DV-0180,DV-0319,VUHF,148218.8,12.5,1983.4,105.38,-56.38,51.36,true,EXCELLENT,false
LK-0075,ND-0028,ND-0111,DV-0164,DV-0351,HF,3195.7,3.0,2004.8,59.43,-5.43,70.35,true,EXCELLENT,false
LK-0076,ND-0017,ND-0068,DV-0110,DV-0296,VUHF,465906.2,12.5,2005.6,132.22,-87.42,24.27,true,EXCELLENT,false
LK-0077,ND-0012,ND-0037,DV-0089,DV-0210,VUHF,465906.2,12.5,2040.0,146.12,-101.32,10.37,true,GOOD,false
LK-0078,ND-0060,ND-0104,DV-0288,DV-0332,VUHF,465906.2,12.5,2061.2,99.83,-55.03,56.66,true,EXCELLENT,false
LK-0079,ND-0045,ND-0079,DV-0250,DV-0307,VUHF,148218.8,12.5,2114.9,90.58,-43.58,64.16,true,EXCELLENT,false
LK-0080,ND-0070,ND-0097,DV-0298,DV-0325,VUHF,465906.2,12.5,2117.5,102.09,-57.29,54.4,true,EXCELLENT,false
LK-0081,ND-0043,ND-0117,DV-0239,DV-0375,HF,3195.7,3.0,2124.5,63.99,-16.99,58.8,true,EXCELLENT,false
LK-0082,ND-0059,ND-0060,DV-0287,DV-0288,VUHF,465906.2,12.5,2170.8,141.93,-97.13,14.55,true,GOOD,false
LK-0083,ND-0044,ND-0064,DV-0245,DV-0292,VUHF,465906.2,12.5,2178.7,98.85,-54.05,57.64,true,EXCELLENT,false
LK-0084,ND-0033,ND-0060,DV-0190,DV-0288,VUHF,465906.2,12.5,2239.6,102.28,-57.48,54.21,true,EXCELLENT,false
LK-0085,ND-0029,ND-0081,DV-0170,DV-0309,VUHF,148218.8,12.5,2267.9,110.54,-53.54,54.2,true,EXCELLENT,false
LK-0086,ND-0113,ND-0124,DV-0359,DV-0397,HF,3195.7,0.5,2352.2,65.58,-22.58,60.98,true,EXCELLENT,false
LK-0087,ND-0073,ND-0099,DV-0301,DV-0327,VUHF,148218.8,12.5,2354.9,87.27,-38.27,69.47,true,EXCELLENT,false
LK-0088,ND-0110,ND-0113,DV-0347,DV-0359,HF,3195.7,2.1,2356.9,65.61,-14.61,62.72,true,EXCELLENT,false
LK-0089,ND-0011,ND-0013,DV-0086,DV-0092,VUHF,148218.8,12.5,2512.2,95.62,-48.62,59.12,true,EXCELLENT,false
LK-0090,ND-0049,ND-0105,DV-0270,DV-0333,VUHF,148218.8,12.5,2563.0,94.55,-47.55,60.2,true,EXCELLENT,false
LK-0091,ND-0013,ND-0014,DV-0091,DV-0097,HF,3195.7,3.0,2579.9,66.99,-7.99,67.8,true,EXCELLENT,false
LK-0092,ND-0100,ND-0101,DV-0328,DV-0329,VUHF,465906.2,12.5,2586.4,103.96,-59.16,52.53,true,EXCELLENT,false
LK-0093,ND-0077,ND-0082,DV-0305,DV-0310,VUHF,465906.2,12.5,2597.7,101.6,-56.8,54.88,true,EXCELLENT,false
LK-0094,ND-0031,ND-0118,DV-0179,DV-0379,HF,3195.7,24.0,2821.6,68.31,-21.31,45.45,true,EXCELLENT,false
LK-0095,ND-0111,ND-0119,DV-0351,DV-0383,HF,3195.7,3.0,2841.0,68.41,-18.41,57.38,true,EXCELLENT,false
LK-0096,ND-0027,ND-0031,DV-0159,DV-0179,HF,3195.7,0.5,2863.4,68.52,-17.52,66.04,true,EXCELLENT,false
LK-0097,ND-0027,ND-0032,DV-0160,DV-0185,VUHF,465906.2,12.5,2884.2,142.33,-97.53,14.15,true,GOOD,false
LK-0098,ND-0064,ND-0101,DV-0292,DV-0329,VUHF,465906.2,12.5,2887.4,148.0,-103.2,8.48,true,WARNING,false
LK-0099,ND-0031,ND-0043,DV-0180,DV-0240,VUHF,148218.8,12.5,2893.2,115.0,-68.0,39.75,true,EXCELLENT,false
LK-0100,ND-0002,ND-0107,DV-0009,DV-0335,HF,3195.7,24.0,2929.0,65.62,-17.82,48.93,true,EXCELLENT,false
LK-0101,ND-0027,ND-0036,DV-0160,DV-0205,VUHF,465906.2,12.5,2957.5,142.66,-97.86,13.83,true,GOOD,false
LK-0102,ND-0079,ND-0101,DV-0307,DV-0329,VUHF,148218.8,12.5,2977.9,105.49,-58.49,49.26,true,EXCELLENT,false
LK-0103,ND-0027,ND-0125,DV-0159,DV-0399,HF,3195.7,0.5,3072.1,69.53,-14.53,69.03,true,EXCELLENT,false
LK-0104,ND-0033,ND-0044,DV-0189,DV-0244,HF,3195.7,3.0,3085.2,69.59,-10.59,65.19,true,EXCELLENT,false
LK-0105,ND-0043,ND-0079,DV-0240,DV-0307,VUHF,148218.8,12.5,3109.3,94.62,-47.62,60.12,true,EXCELLENT,false
LK-0106,ND-0012,ND-0110,DV-0088,DV-0347,HF,3195.7,0.5,3143.9,69.86,-18.86,64.71,true,EXCELLENT,false
LK-0107,ND-0050,ND-0078,DV-0275,DV-0306,VUHF,465906.2,12.5,3237.6,112.68,-67.88,43.81,true,EXCELLENT,false
LK-0108,ND-0057,ND-0061,DV-0285,DV-0289,VUHF,148218.8,12.5,3286.8,94.91,-45.76,61.98,true,EXCELLENT,false
LK-0109,ND-0038,ND-0111,DV-0214,DV-0351,HF,3195.7,3.0,3289.8,67.49,-17.49,58.3,true,EXCELLENT,false
LK-0110,ND-0038,ND-0114,DV-0214,DV-0363,HF,3195.7,3.0,3291.0,67.49,-20.49,55.29,true,EXCELLENT,false
LK-0111,ND-0041,ND-0042,DV-0229,DV-0234,HF,3195.7,24.0,3581.4,68.83,-21.83,44.92,true,EXCELLENT,false
LK-0112,ND-0041,ND-0042,DV-0230,DV-0235,VUHF,465906.2,12.5,3581.4,118.5,-73.7,37.98,true,EXCELLENT,false
LK-0113,ND-0029,ND-0057,DV-0170,DV-0285,VUHF,148218.8,12.5,3678.9,91.69,-39.69,68.05,true,EXCELLENT,false
LK-0114,ND-0007,ND-0107,DV-0067,DV-0335,HF,3195.7,0.5,3767.3,69.66,-18.66,64.9,true,EXCELLENT,false
LK-0115,ND-0059,ND-0072,DV-0287,DV-0300,VUHF,465906.2,12.5,3947.1,146.27,-101.47,10.22,true,GOOD,false
LK-0116,ND-0043,ND-0051,DV-0240,DV-0279,VUHF,148218.8,12.5,3967.0,92.23,-45.23,62.51,true,EXCELLENT,false
LK-0117,ND-0062,ND-0082,DV-0290,DV-0310,VUHF,465906.2,12.5,4034.4,109.44,-64.64,47.04,true,EXCELLENT,false
LK-0118,ND-0006,ND-0058,DV-0063,DV-0286,VUHF,465906.2,12.5,4077.8,105.93,-61.13,50.56,true,EXCELLENT,false
LK-0119,ND-0038,ND-0084,DV-0215,DV-0312,VUHF,465906.2,12.5,4092.3,108.87,-64.07,47.62,true,EXCELLENT,false
LK-0120,ND-0025,ND-0044,DV-0149,DV-0244,HF,3195.7,3.0,4164.0,71.25,-21.25,54.54,true,EXCELLENT,false
LK-0121,ND-0073,ND-0083,DV-0301,DV-0311,VUHF,148218.8,12.5,4184.9,92.79,-45.79,61.96,true,EXCELLENT,false
LK-0122,ND-0063,ND-0089,DV-0291,DV-0317,VUHF,148218.8,12.5,4341.3,92.2,-40.2,67.54,true,EXCELLENT,false
LK-0123,ND-0011,ND-0093,DV-0086,DV-0321,VUHF,148218.8,12.5,4445.6,92.41,-45.41,62.34,true,EXCELLENT,false
LK-0124,ND-0007,ND-0115,DV-0067,DV-0367,HF,3195.7,0.5,4548.8,72.64,-17.64,65.93,true,EXCELLENT,false
LK-0125,ND-0032,ND-0045,DV-0184,DV-0249,HF,3195.7,0.5,4606.4,75.18,-29.18,54.39,true,EXCELLENT,false
LK-0126,ND-0024,ND-0060,DV-0145,DV-0288,VUHF,465906.2,12.5,4614.0,149.39,-104.59,7.09,true,WARNING,false
LK-0127,ND-0037,ND-0110,DV-0209,DV-0347,HF,3195.7,0.5,4939.9,73.93,-22.93,60.64,true,EXCELLENT,false
LK-0128,ND-0073,ND-0088,DV-0301,DV-0316,VUHF,465906.2,12.5,4940.0,109.57,-64.77,46.92,true,EXCELLENT,false
LK-0129,ND-0044,ND-0101,DV-0245,DV-0329,VUHF,465906.2,12.5,4959.1,146.51,-101.71,9.98,true,WARNING,false
LK-0130,ND-0041,ND-0097,DV-0230,DV-0325,VUHF,148218.8,12.5,5110.8,101.56,-54.56,53.19,true,EXCELLENT,false
LK-0131,ND-0126,ND-0128,DV-0401,DV-0405,HF,3195.7,3.0,5119.4,76.7,-25.7,50.09,true,EXCELLENT,false
LK-0132,ND-0044,ND-0072,DV-0245,DV-0300,VUHF,465906.2,12.5,5167.3,149.44,-104.64,7.05,true,WARNING,false
LK-0133,ND-0066,ND-0094,DV-0294,DV-0322,VUHF,465906.2,12.5,5225.1,111.03,-66.23,45.46,true,EXCELLENT,false
LK-0134,ND-0024,ND-0044,DV-0145,DV-0245,VUHF,465906.2,12.5,5555.2,151.14,-106.34,5.34,true,WARNING,false
LK-0135,ND-0111,ND-0121,DV-0351,DV-0391,HF,3195.7,3.0,5563.7,77.93,-34.93,40.85,true,EXCELLENT,false
LK-0136,ND-0036,ND-0085,DV-0205,DV-0313,VUHF,465906.2,12.5,5801.3,149.55,-104.75,6.94,true,WARNING,false
LK-0137,ND-0010,ND-0031,DV-0080,DV-0180,VUHF,465906.2,12.5,5859.8,155.52,-110.72,0.96,true,FAULT,false
LK-0138,ND-0003,ND-0008,DV-0027,DV-0070,HF,3195.7,0.5,5871.3,78.75,-27.75,55.82,true,EXCELLENT,false
LK-0139,ND-0021,ND-0049,DV-0128,DV-0270,VUHF,148218.8,12.5,5958.5,102.74,-55.74,52.01,true,EXCELLENT,false
LK-0140,ND-0022,ND-0090,DV-0134,DV-0318,VUHF,465906.2,12.5,5969.2,130.03,-85.23,26.46,true,EXCELLENT,false
LK-0141,ND-0033,ND-0035,DV-0190,DV-0200,VUHF,148218.8,12.5,6047.5,143.15,-96.15,11.6,true,GOOD,false
LK-0142,ND-0019,ND-0062,DV-0122,DV-0290,VUHF,465906.2,12.5,6329.1,116.01,-71.21,40.47,true,EXCELLENT,false
LK-0143,ND-0044,ND-0045,DV-0245,DV-0250,VUHF,465906.2,12.5,6336.9,145.06,-100.26,11.43,true,GOOD,false
LK-0144,ND-0045,ND-0048,DV-0250,DV-0265,VUHF,465906.2,12.5,6341.0,154.97,-110.17,1.52,true,FAULT,false
LK-0145,ND-0019,ND-0049,DV-0121,DV-0269,HF,3195.7,2.1,6359.2,77.68,-10.68,66.65,true,EXCELLENT,false
LK-0146,ND-0024,ND-0051,DV-0145,DV-0279,VUHF,465906.2,12.5,6399.0,149.54,-104.74,6.95,true,WARNING,false
LK-0147,ND-0033,ND-0108,DV-0189,DV-0339,HF,3195.7,3.0,6446.9,78.15,-19.15,56.63,true,EXCELLENT,false
LK-0148,ND-0026,ND-0090,DV-0155,DV-0318,VUHF,465906.2,12.5,6459.3,130.63,-85.83,25.85,true,EXCELLENT,false
LK-0149,ND-0107,ND-0110,DV-0335,DV-0347,HF,3195.7,24.0,6696.4,80.83,-29.83,36.92,true,EXCELLENT,false
LK-0150,ND-0038,ND-0066,DV-0215,DV-0294,VUHF,465906.2,12.5,6723.2,110.73,-65.93,45.76,true,EXCELLENT,false
LK-0151,ND-0025,ND-0029,DV-0150,DV-0170,VUHF,148218.8,12.5,6754.5,128.38,-76.38,31.37,true,EXCELLENT,false
LK-0152,ND-0003,ND-0007,DV-0027,DV-0067,HF,3195.7,0.5,6787.9,81.05,-26.05,57.51,true,EXCELLENT,false
LK-0153,ND-0011,ND-0084,DV-0086,DV-0312,VUHF,465906.2,12.5,6808.1,110.34,-65.54,46.14,true,EXCELLENT,false
LK-0154,ND-0047,ND-0103,DV-0260,DV-0331,VUHF,148218.8,12.5,6823.4,105.37,-56.37,51.38,true,EXCELLENT,false
LK-0155,ND-0005,ND-0015,DV-0053,DV-0104,VUHF,148218.8,12.5,7089.7,105.59,-53.59,54.15,true,EXCELLENT,false
LK-0156,ND-0005,ND-0015,DV-0047,DV-0103,HF,3195.7,2.1,7089.7,79.39,-25.39,51.94,true,EXCELLENT,false
LK-0157,ND-0063,ND-0101,DV-0291,DV-0329,VUHF,148218.8,12.5,7108.6,143.36,-96.36,11.39,true,GOOD,false
LK-0158,ND-0075,ND-0095,DV-0303,DV-0323,VUHF,148218.8,12.5,7502.4,101.81,-52.81,54.93,true,EXCELLENT,false
LK-0159,ND-0028,ND-0121,DV-0164,DV-0391,HF,3195.7,3.0,7526.3,82.78,-39.78,36.01,true,EXCELLENT,false
LK-0160,ND-0045,ND-0059,DV-0250,DV-0287,VUHF,148218.8,12.5,7533.3,136.18,-89.18,18.57,true,GOOD,false
LK-0161,ND-0009,ND-0010,DV-0074,DV-0080,VUHF,465906.2,12.5,7589.5,152.47,-105.67,6.01,true,WARNING,false
LK-0162,ND-0025,ND-0071,DV-0150,DV-0299,VUHF,148218.8,12.5,7737.0,139.47,-92.47,15.27,true,GOOD,false
LK-0163,ND-0023,ND-0051,DV-0140,DV-0279,VUHF,148218.8,12.5,7787.1,106.69,-59.69,48.06,true,EXCELLENT,false
LK-0164,ND-0031,ND-0033,DV-0180,DV-0190,VUHF,148218.8,12.5,7833.4,143.52,-96.52,11.23,true,GOOD,false
LK-0165,ND-0032,ND-0033,DV-0184,DV-0189,HF,3195.7,0.5,7858.0,81.43,-26.43,57.14,true,EXCELLENT,false
LK-0166,ND-0003,ND-0073,DV-0033,DV-0301,VUHF,148218.8,12.5,8019.4,93.94,-46.94,60.8,true,EXCELLENT,false
LK-0167,ND-0043,ND-0048,DV-0240,DV-0265,VUHF,465906.2,12.5,8029.5,123.35,-78.55,33.14,true,EXCELLENT,false
LK-0168,ND-0048,ND-0118,DV-0264,DV-0379,HF,3195.7,3.0,8101.1,81.94,-34.94,40.84,true,EXCELLENT,false
LK-0169,ND-0001,ND-0014,DV-0001,DV-0097,HF,3195.7,24.0,8139.8,82.03,-23.03,43.73,true,EXCELLENT,false
LK-0170,ND-0052,ND-0056,DV-0280,DV-0284,VUHF,465906.2,12.5,8257.3,121.48,-76.68,35.0,true,EXCELLENT,false
LK-0171,ND-0082,ND-0090,DV-0310,DV-0318,VUHF,465906.2,12.5,8287.7,132.48,-87.68,24.01,true,EXCELLENT,false
LK-0172,ND-0069,ND-0105,DV-0297,DV-0333,VUHF,148218.8,12.5,8589.1,114.83,-67.83,39.92,true,EXCELLENT,false
LK-0173,ND-0003,ND-0087,DV-0033,DV-0315,VUHF,148218.8,12.5,8599.2,99.09,-52.09,55.65,true,EXCELLENT,false
LK-0174,ND-0010,ND-0116,DV-0079,DV-0371,HF,3195.7,3.0,8744.0,85.39,-39.39,36.4,true,EXCELLENT,false
LK-0175,ND-0003,ND-0127,DV-0027,DV-0403,HF,3195.7,0.5,8797.9,85.5,-30.5,53.07,true,EXCELLENT,false
LK-0176,ND-0111,ND-0124,DV-0351,DV-0397,HF,3195.7,3.0,8876.7,83.52,-36.52,39.26,true,EXCELLENT,false
LK-0177,ND-0008,ND-0089,DV-0071,DV-0317,VUHF,465906.2,12.5,9168.8,112.65,-62.85,48.84,true,EXCELLENT,false
LK-0178,ND-0107,ND-0132,DV-0335,DV-0413,HF,3195.7,24.0,9383.7,86.66,-43.66,23.1,true,EXCELLENT,false
LK-0179,ND-0003,ND-0056,DV-0033,DV-0284,VUHF,465906.2,12.5,9421.8,113.55,-68.75,42.94,true,EXCELLENT,false
LK-0180,ND-0029,ND-0059,DV-0170,DV-0287,VUHF,148218.8,12.5,9813.3,132.55,-80.55,27.2,true,EXCELLENT,false
LK-0181,ND-0028,ND-0131,DV-0164,DV-0411,HF,3195.7,3.0,9837.6,85.34,-42.34,33.45,true,EXCELLENT,false
LK-0182,ND-0051,ND-0076,DV-0279,DV-0304,VUHF,465906.2,12.5,9840.4,161.36,-114.41,-2.73,false,FAULT,false
LK-0183,ND-0053,ND-0079,DV-0281,DV-0307,VUHF,148218.8,12.5,9842.9,146.69,-99.69,8.05,true,WARNING,false
LK-0184,ND-0006,ND-0021,DV-0063,DV-0128,VUHF,465906.2,12.5,9853.7,121.56,-76.76,34.93,true,EXCELLENT,false
LK-0185,ND-0006,ND-0019,DV-0057,DV-0121,HF,3195.7,24.0,9962.4,85.08,-22.08,44.68,true,EXCELLENT,false
LK-0186,ND-0006,ND-0019,DV-0063,DV-0122,VUHF,465906.2,12.5,9962.4,119.79,-74.99,36.69,true,EXCELLENT,false
LK-0187,ND-0025,ND-0079,DV-0150,DV-0307,VUHF,148218.8,12.5,10008.2,143.2,-96.2,11.54,true,GOOD,false
LK-0188,ND-0004,ND-0074,DV-0043,DV-0302,VUHF,465906.2,12.5,10153.4,133.9,-89.1,22.59,true,EXCELLENT,false
LK-0189,ND-0033,ND-0089,DV-0190,DV-0317,VUHF,148218.8,12.5,10191.8,143.32,-91.32,16.42,true,GOOD,false
LK-0190,ND-0023,ND-0089,DV-0140,DV-0317,VUHF,148218.8,12.5,10223.9,143.59,-91.59,16.15,true,GOOD,false
LK-0191,ND-0003,ND-0110,DV-0027,DV-0347,HF,3195.7,0.5,10347.8,86.24,-31.24,52.32,true,EXCELLENT,false
LK-0192,ND-0023,ND-0053,DV-0140,DV-0281,VUHF,148218.8,12.5,10501.5,147.19,-100.19,7.56,true,WARNING,false
LK-0193,ND-0029,ND-0108,DV-0169,DV-0339,HF,3195.7,2.1,10505.6,86.52,-31.52,45.82,true,EXCELLENT,false
LK-0194,ND-0053,ND-0072,DV-0281,DV-0300,VUHF,465906.2,12.5,10552.3,161.28,-116.48,-4.79,false,FAULT,false
LK-0195,ND-0046,ND-0066,DV-0255,DV-0294,VUHF,465906.2,12.5,10711.4,138.22,-93.42,18.27,true,GOOD,false
LK-0196,ND-0044,ND-0089,DV-0245,DV-0317,VUHF,465906.2,12.5,10714.8,150.37,-100.57,11.12,true,GOOD,false
LK-0197,ND-0042,ND-0070,DV-0235,DV-0298,VUHF,465906.2,12.5,10779.3,133.69,-88.89,22.8,true,EXCELLENT,false
LK-0198,ND-0051,ND-0060,DV-0279,DV-0288,VUHF,465906.2,12.5,10867.2,152.99,-108.19,3.49,true,WARNING,false
LK-0199,ND-0046,ND-0102,DV-0255,DV-0330,VUHF,465906.2,12.5,10937.9,106.58,-61.78,49.9,true,EXCELLENT,false
LK-0200,ND-0003,ND-0009,DV-0033,DV-0074,VUHF,148218.8,12.5,10977.4,96.67,-47.67,60.08,true,EXCELLENT,false
LK-0201,ND-0014,ND-0028,DV-0097,DV-0164,HF,3195.7,2.1,11082.5,87.49,-28.49,48.85,true,EXCELLENT,false
LK-0202,ND-0016,ND-0018,DV-0106,DV-0115,HF,3195.7,24.0,11110.4,87.01,-36.01,30.74,true,EXCELLENT,false
LK-0203,ND-0023,ND-0073,DV-0140,DV-0301,VUHF,148218.8,12.5,11146.1,136.6,-89.6,18.14,true,GOOD,false
LK-0204,ND-0058,ND-0086,DV-0286,DV-0314,VUHF,465906.2,12.5,11193.6,132.41,-87.61,24.08,true,EXCELLENT,false
LK-0205,ND-0037,ND-0066,DV-0210,DV-0294,VUHF,465906.2,12.5,11227.5,114.4,-69.6,42.08,true,EXCELLENT,false
LK-0206,ND-0006,ND-0054,DV-0063,DV-0282,VUHF,465906.2,12.5,11611.5,134.88,-90.08,21.61,true,EXCELLENT,false
LK-0207,ND-0055,ND-0059,DV-0283,DV-0287,VUHF,148218.8,12.5,11633.6,147.45,-100.45,7.29,true,WARNING,false
LK-0208,ND-0006,ND-0086,DV-0063,DV-0314,VUHF,465906.2,12.5,11646.6,123.07,-78.27,33.41,true,EXCELLENT,false
LK-0209,ND-0048,ND-0051,DV-0265,DV-0279,VUHF,465906.2,12.5,11929.9,143.16,-98.36,13.33,true,GOOD,false
LK-0210,ND-0007,ND-0101,DV-0068,DV-0329,VUHF,148218.8,12.5,11935.7,145.29,-98.29,9.46,true,WARNING,false
LK-0211,ND-0008,ND-0023,DV-0070,DV-0139,HF,3195.7,3.0,11936.9,88.85,-37.85,37.93,true,EXCELLENT,false
LK-0212,ND-0002,ND-0130,DV-0009,DV-0409,HF,3195.7,24.0,12205.9,89.26,-50.26,16.49,true,GOOD,false
LK-0213,ND-0044,ND-0115,DV-0244,DV-0367,HF,3195.7,2.1,12234.6,91.56,-36.56,40.78,true,EXCELLENT,false
LK-0214,ND-0041,ND-0069,DV-0230,DV-0297,VUHF,148218.8,12.5,12262.2,121.14,-74.14,33.61,true,EXCELLENT,false
LK-0215,ND-0004,ND-0011,DV-0043,DV-0086,VUHF,465906.2,12.5,12297.9,115.48,-70.68,41.01,true,EXCELLENT,false
LK-0216,ND-0050,ND-0077,DV-0275,DV-0305,VUHF,465906.2,12.5,12317.7,130.46,-85.66,26.03,true,EXCELLENT,false
LK-0217,ND-0004,ND-0014,DV-0037,DV-0097,HF,3195.7,3.0,12385.1,89.53,-30.53,45.25,true,EXCELLENT,false
LK-0218,ND-0007,ND-0023,DV-0067,DV-0139,HF,3195.7,0.5,12627.2,89.89,-34.89,48.67,true,EXCELLENT,false
LK-0219,ND-0019,ND-0077,DV-0122,DV-0305,VUHF,148218.8,12.5,12910.4,116.78,-69.78,37.96,true,EXCELLENT,false
LK-0220,ND-0019,ND-0026,DV-0121,DV-0154,HF,3195.7,2.1,12931.6,89.78,-30.78,46.56,true,EXCELLENT,false
LK-0221,ND-0051,ND-0059,DV-0279,DV-0287,VUHF,148218.8,12.5,13038.0,131.12,-84.12,23.63,true,EXCELLENT,false
LK-0222,ND-0003,ND-0079,DV-0033,DV-0307,VUHF,148218.8,12.5,13114.5,128.97,-81.97,25.78,true,EXCELLENT,false
LK-0223,ND-0031,ND-0108,DV-0179,DV-0339,HF,3195.7,24.0,13196.0,92.97,-41.97,24.78,true,EXCELLENT,false
LK-0224,ND-0108,ND-0132,DV-0339,DV-0413,HF,3195.7,0.5,13327.3,90.9,-43.9,39.67,true,EXCELLENT,false
LK-0225,ND-0021,ND-0026,DV-0128,DV-0155,VUHF,465906.2,12.5,13332.3,135.27,-90.47,21.22,true,EXCELLENT,false
LK-0226,ND-0009,ND-0025,DV-0074,DV-0150,VUHF,148218.8,12.5,13352.9,144.82,-95.82,11.92,true,GOOD,false
LK-0227,ND-0007,ND-0119,DV-0067,DV-0383,HF,3195.7,0.5,13391.3,93.25,-42.25,41.32,true,EXCELLENT,false
LK-0228,ND-0014,ND-0056,DV-0098,DV-0284,VUHF,465906.2,12.5,13474.2,126.52,-81.72,29.97,true,EXCELLENT,false
LK-0229,ND-0077,ND-0106,DV-0305,DV-0334,VUHF,465906.2,12.5,13541.6,143.36,-98.56,13.13,true,GOOD,false
LK-0230,ND-0031,ND-0124,DV-0179,DV-0397,HF,3195.7,24.0,13604.3,93.55,-50.55,16.21,true,GOOD,false
LK-0231,ND-0095,ND-0103,DV-0323,DV-0331,VUHF,148218.8,12.5,14312.5,130.83,-79.83,27.91,true,EXCELLENT,false
LK-0232,ND-0112,ND-0116,DV-0355,DV-0371,HF,3195.7,24.0,14370.1,103.62,-53.62,13.13,true,GOOD,false
LK-0233,ND-0011,ND-0046,DV-0086,DV-0255,VUHF,465906.2,12.5,14596.0,116.97,-72.17,39.52,true,EXCELLENT,false
LK-0234,ND-0014,ND-0046,DV-0097,DV-0254,HF,3195.7,2.1,14653.0,92.67,-25.67,51.66,true,EXCELLENT,false
LK-0235,ND-0029,ND-0080,DV-0170,DV-0308,VUHF,465906.2,12.5,15064.1,158.02,-108.22,3.47,true,WARNING,false
LK-0236,ND-0023,ND-0029,DV-0140,DV-0170,VUHF,148218.8,12.5,15074.7,141.93,-89.93,17.82,true,GOOD,false
LK-0237,ND-0016,ND-0047,DV-0107,DV-0260,VUHF,465906.2,12.5,15077.9,111.24,-66.44,45.24,true,EXCELLENT,false
LK-0238,ND-0008,ND-0048,DV-0071,DV-0265,VUHF,465906.2,12.5,15100.8,162.66,-117.86,-6.18,false,FAULT,false
LK-0239,ND-0125,ND-0131,DV-0399,DV-0411,HF,3195.7,3.0,15106.4,93.24,-42.24,33.54,true,EXCELLENT,false
LK-0240,ND-0003,ND-0037,DV-0033,DV-0210,VUHF,148218.8,12.5,15270.2,139.01,-92.01,15.73,true,GOOD,false
LK-0241,ND-0013,ND-0046,DV-0091,DV-0254,HF,3195.7,3.0,15364.6,93.56,-30.56,45.22,true,EXCELLENT,false
LK-0242,ND-0029,ND-0101,DV-0170,DV-0329,VUHF,148218.8,12.5,15823.3,145.79,-93.79,13.95,true,GOOD,false
LK-0243,ND-0026,ND-0054,DV-0155,DV-0282,VUHF,465906.2,12.5,15981.7,151.1,-106.3,5.38,true,WARNING,false
LK-0244,ND-0004,ND-0093,DV-0043,DV-0321,VUHF,465906.2,12.5,16030.7,150.94,-106.14,5.54,true,WARNING,false
LK-0245,ND-0036,ND-0110,DV-0204,DV-0347,HF,3195.7,24.0,16108.5,96.72,-45.72,21.04,true,EXCELLENT,false
LK-0246,ND-0054,ND-0062,DV-0282,DV-0290,VUHF,465906.2,12.5,16139.1,150.1,-105.3,6.38,true,WARNING,false
LK-0247,ND-0032,ND-0110,DV-0184,DV-0347,HF,3195.7,0.5,16194.0,96.82,-45.82,37.75,true,EXCELLENT,false
LK-0248,ND-0073,ND-0089,DV-0301,DV-0317,VUHF,148218.8,12.5,16292.3,100.1,-48.1,59.65,true,EXCELLENT,false
LK-0249,ND-0017,ND-0029,DV-0109,DV-0169,HF,3195.7,0.5,16300.3,94.67,-43.67,39.89,true,EXCELLENT,false
LK-0250,ND-0017,ND-0029,DV-0110,DV-0170,VUHF,148218.8,12.5,16300.3,139.2,-87.2,20.54,true,EXCELLENT,false
LK-0251,ND-0012,ND-0013,DV-0088,DV-0091,HF,3195.7,0.5,16378.6,94.76,-43.76,39.8,true,EXCELLENT,false
LK-0252,ND-0042,ND-0098,DV-0235,DV-0326,VUHF,465906.2,12.5,16484.4,143.34,-98.54,13.15,true,GOOD,false
LK-0253,ND-0010,ND-0044,DV-0079,DV-0244,HF,3195.7,3.0,16778.3,97.48,-47.48,28.31,true,EXCELLENT,false
LK-0254,ND-0048,ND-0080,DV-0265,DV-0308,VUHF,465906.2,12.5,16875.6,161.44,-116.64,-4.95,false,FAULT,false
LK-0255,ND-0035,ND-0120,DV-0199,DV-0387,HF,3195.7,3.0,16912.0,95.37,-45.37,30.42,true,EXCELLENT,false
LK-0256,ND-0110,ND-0117,DV-0347,DV-0375,HF,3195.7,2.1,16982.4,97.71,-46.71,30.63,true,EXCELLENT,false
LK-0257,ND-0075,ND-0080,DV-0303,DV-0308,VUHF,465906.2,12.5,17171.5,110.5,-65.7,45.98,true,EXCELLENT,false
LK-0258,ND-0012,ND-0127,DV-0088,DV-0403,HF,3195.7,0.5,17387.6,98.15,-47.15,36.42,true,EXCELLENT,false
LK-0259,ND-0065,ND-0083,DV-0293,DV-0311,VUHF,148218.8,12.5,17556.0,161.93,-114.93,-7.19,false,FAULT,false
LK-0260,ND-0054,ND-0086,DV-0282,DV-0314,VUHF,465906.2,12.5,17617.6,153.21,-108.41,3.28,true,WARNING,false
LK-0261,ND-0124,ND-0126,DV-0397,DV-0401,HF,3195.7,3.0,18059.0,98.85,-47.85,27.93,true,EXCELLENT,false
LK-0262,ND-0039,ND-0095,DV-0220,DV-0323,VUHF,148218.8,12.5,18314.4,140.73,-91.73,16.01,true,GOOD,false
LK-0263,ND-0012,ND-0132,DV-0088,DV-0413,HF,3195.7,0.5,18510.6,99.32,-56.32,27.25,true,EXCELLENT,false
LK-0264,ND-0009,ND-0056,DV-0074,DV-0284,VUHF,465906.2,12.5,18528.9,154.74,-107.94,3.74,true,WARNING,false
LK-0265,ND-0013,ND-0124,DV-0091,DV-0397,HF,3195.7,3.0,18855.0,99.66,-52.66,23.13,true,EXCELLENT,false
LK-0266,ND-0029,ND-0043,DV-0169,DV-0239,HF,3195.7,2.1,18944.0,99.75,-48.75,28.59,true,EXCELLENT,false
LK-0267,ND-0113,ND-0126,DV-0359,DV-0401,HF,3195.7,0.5,19150.0,99.95,-52.95,30.62,true,EXCELLENT,false
LK-0268,ND-0013,ND-0116,DV-0091,DV-0371,HF,3195.7,3.0,19191.9,97.16,-47.16,28.62,true,EXCELLENT,false
LK-0269,ND-0003,ND-0053,DV-0033,DV-0281,VUHF,148218.8,12.5,19325.3,137.64,-90.64,17.1,true,GOOD,false
LK-0270,ND-0027,ND-0029,DV-0160,DV-0170,VUHF,148218.8,12.5,19478.4,137.84,-85.84,21.9,true,EXCELLENT,false
LK-0271,ND-0019,ND-0022,DV-0121,DV-0133,HF,3195.7,2.1,19542.5,97.5,-38.5,38.83,true,EXCELLENT,false
LK-0272,ND-0019,ND-0022,DV-0122,DV-0134,VUHF,465906.2,12.5,19542.5,141.26,-96.46,15.22,true,GOOD,false
LK-0273,ND-0118,ND-0121,DV-0379,DV-0391,HF,3195.7,0.5,19558.9,98.1,-59.1,24.47,true,EXCELLENT,false
LK-0274,ND-0037,ND-0051,DV-0210,DV-0279,VUHF,148218.8,12.5,19735.6,143.67,-96.67,11.08,true,GOOD,false
LK-0275,ND-0021,ND-0022,DV-0127,DV-0133,HF,3195.7,24.0,19857.3,109.47,-58.47,8.28,true,WARNING,false
LK-0276,ND-0086,ND-0105,DV-0314,DV-0333,VUHF,465906.2,12.5,20036.3,145.56,-100.76,10.92,true,GOOD,false
LK-0277,ND-0009,ND-0029,DV-0074,DV-0170,VUHF,148218.8,12.5,20107.4,145.44,-91.44,16.31,true,GOOD,false
LK-0278,ND-0003,ND-0059,DV-0033,DV-0287,VUHF,148218.8,12.5,20484.2,144.43,-97.43,10.31,true,GOOD,false
LK-0279,ND-0030,ND-0077,DV-0175,DV-0305,VUHF,465906.2,12.5,20697.2,144.91,-100.11,11.58,true,GOOD,false
LK-0280,ND-0055,ND-0075,DV-0283,DV-0303,VUHF,148218.8,12.5,20742.2,106.98,-59.98,47.77,true,EXCELLENT,false
LK-0281,ND-0003,ND-0084,DV-0033,DV-0312,VUHF,465906.2,12.5,20787.8,156.84,-112.04,-0.36,false,FAULT,false
LK-0282,ND-0012,ND-0027,DV-0088,DV-0159,HF,3195.7,0.5,21125.2,101.77,-50.77,32.79,true,EXCELLENT,false
LK-0283,ND-0011,ND-0107,DV-0085,DV-0335,HF,3195.7,24.0,21186.8,99.6,-47.8,18.96,true,GOOD,false
LK-0284,ND-0045,ND-0121,DV-0249,DV-0391,HF,3195.7,3.0,21315.3,101.94,-62.94,12.84,true,GOOD,false
LK-0285,ND-0114,ND-0128,DV-0363,DV-0405,HF,3195.7,3.0,21468.7,99.85,-56.85,18.94,true,GOOD,false
LK-0286,ND-0030,ND-0041,DV-0175,DV-0230,VUHF,465906.2,12.5,21662.8,148.95,-104.15,7.54,true,WARNING,false
LK-0287,ND-0029,ND-0031,DV-0170,DV-0180,VUHF,148218.8,12.5,21837.2,145.38,-93.38,14.37,true,GOOD,false
LK-0288,ND-0112,ND-0114,DV-0355,DV-0363,HF,3195.7,24.0,21862.2,102.41,-51.41,15.34,true,GOOD,false
LK-0289,ND-0111,ND-0112,DV-0351,DV-0355,HF,3195.7,3.0,21863.4,102.41,-48.41,27.37,true,EXCELLENT,false
LK-0290,ND-0040,ND-0128,DV-0224,DV-0405,HF,3195.7,3.0,22270.5,100.53,-57.53,18.25,true,GOOD,false
LK-0291,ND-0043,ND-0057,DV-0240,DV-0285,VUHF,148218.8,12.5,22533.5,143.51,-96.51,11.23,true,GOOD,false
LK-0292,ND-0029,ND-0051,DV-0170,DV-0279,VUHF,148218.8,12.5,22828.8,136.58,-84.58,23.17,true,EXCELLENT,false
LK-0293,ND-0040,ND-0127,DV-0224,DV-0403,HF,3195.7,3.0,22904.4,103.27,-52.27,23.51,true,EXCELLENT,false
LK-0294,ND-0028,ND-0128,DV-0164,DV-0405,HF,3195.7,3.0,23474.7,103.73,-56.73,19.06,true,GOOD,false
LK-0295,ND-0051,ND-0071,DV-0279,DV-0299,VUHF,148218.8,12.5,23744.0,149.86,-102.86,4.89,true,WARNING,false
LK-0296,ND-0009,ND-0114,DV-0073,DV-0363,HF,3195.7,2.1,23825.7,104.0,-57.0,20.33,true,EXCELLENT,false
LK-0297,ND-0009,ND-0111,DV-0073,DV-0351,HF,3195.7,2.1,23826.9,104.0,-54.0,23.33,true,EXCELLENT,false
LK-0298,ND-0035,ND-0123,DV-0199,DV-0395,HF,3195.7,3.0,23831.9,104.0,-57.0,18.78,true,GOOD,false
LK-0299,ND-0018,ND-0047,DV-0115,DV-0259,HF,3195.7,3.0,23839.7,104.01,-57.01,18.77,true,GOOD,false
LK-0300,ND-0033,ND-0121,DV-0189,DV-0391,HF,3195.7,3.0,24561.5,104.56,-57.56,18.22,true,GOOD,false
LK-0301,ND-0008,ND-0016,DV-0070,DV-0106,HF,3195.7,3.0,24832.0,102.56,-51.56,24.22,true,EXCELLENT,false
LK-0302,ND-0019,ND-0050,DV-0121,DV-0274,HF,3195.7,2.1,25128.2,102.21,-44.21,33.13,true,EXCELLENT,false
LK-0303,ND-0019,ND-0042,DV-0122,DV-0235,VUHF,465906.2,12.5,25885.8,154.57,-109.77,1.91,true,FAULT,false
LK-0304,ND-0001,ND-0112,DV-0001,DV-0355,HF,3195.7,24.0,25926.1,105.56,-49.76,17.0,true,GOOD,false
LK-0305,ND-0046,ND-0109,DV-0254,DV-0343,HF,3195.7,24.0,26300.2,103.63,-40.63,26.13,true,EXCELLENT,false
LK-0306,ND-0053,ND-0087,DV-0281,DV-0315,VUHF,148218.8,12.5,26754.6,140.32,-93.32,14.43,true,GOOD,false
LK-0307,ND-0041,ND-0086,DV-0230,DV-0314,VUHF,465906.2,12.5,27225.9,150.08,-105.28,6.4,true,WARNING,false
LK-0308,ND-0024,ND-0114,DV-0144,DV-0363,HF,3195.7,2.1,27459.3,106.61,-55.61,21.72,true,EXCELLENT,false
LK-0309,ND-0075,ND-0076,DV-0303,DV-0304,VUHF,465906.2,12.5,27520.1,123.08,-76.13,35.56,true,EXCELLENT,false
LK-0310,ND-0003,ND-0016,DV-0027,DV-0106,HF,3195.7,0.5,27608.8,103.96,-48.96,34.61,true,EXCELLENT,false
LK-0311,ND-0003,ND-0016,DV-0033,DV-0107,VUHF,465906.2,12.5,27608.8,145.5,-100.7,10.99,true,GOOD,false
LK-0312,ND-0048,ND-0121,DV-0264,DV-0391,HF,3195.7,3.0,27646.9,106.74,-67.74,8.05,true,WARNING,false
LK-0313,ND-0004,ND-0124,DV-0037,DV-0397,HF,3195.7,3.0,28300.7,104.99,-57.99,17.8,true,GOOD,false
LK-0314,ND-0028,ND-0126,DV-0164,DV-0401,HF,3195.7,3.0,28594.1,107.36,-56.36,19.43,true,GOOD,false
LK-0315,ND-0021,ND-0041,DV-0127,DV-0229,HF,3195.7,24.0,29066.5,104.91,-53.11,13.64,true,GOOD,false
LK-0316,ND-0011,ND-0115,DV-0085,DV-0367,HF,3195.7,24.0,29134.4,107.7,-52.7,14.05,true,GOOD,false
LK-0317,ND-0003,ND-0018,DV-0033,DV-0116,VUHF,465906.2,12.5,29238.2,125.38,-80.58,31.11,true,EXCELLENT,false
LK-0318,ND-0073,ND-0095,DV-0301,DV-0323,VUHF,148218.8,12.5,29254.4,123.64,-74.64,33.1,true,EXCELLENT,false
LK-0319,ND-0069,ND-0077,DV-0297,DV-0305,VUHF,148218.8,12.5,30121.8,140.49,-93.49,14.25,true,GOOD,false
LK-0320,ND-0011,ND-0031,DV-0086,DV-0180,VUHF,148218.8,12.5,30370.3,149.58,-102.58,5.16,true,WARNING,false
LK-0321,ND-0095,ND-0099,DV-0323,DV-0327,VUHF,148218.8,12.5,30662.3,151.42,-100.42,7.33,true,WARNING,false
LK-0322,ND-0001,ND-0024,DV-0001,DV-0144,HF,3195.7,24.0,30716.4,106.5,-51.5,15.25,true,GOOD,false
LK-0323,ND-0027,ND-0075,DV-0160,DV-0303,VUHF,148218.8,12.5,30734.1,140.98,-93.98,13.77,true,GOOD,false
LK-0324,ND-0025,ND-0075,DV-0150,DV-0303,VUHF,148218.8,12.5,30740.0,141.2,-94.2,13.55,true,GOOD,false
LK-0325,ND-0003,ND-0075,DV-0033,DV-0303,VUHF,148218.8,12.5,30745.2,105.61,-58.61,49.13,true,EXCELLENT,false
LK-0326,ND-0003,ND-0004,DV-0033,DV-0043,VUHF,465906.2,12.5,30952.5,148.43,-103.63,8.05,true,WARNING,false
LK-0327,ND-0058,ND-0070,DV-0286,DV-0298,VUHF,465906.2,12.5,31267.5,151.44,-106.64,5.04,true,WARNING,false
LK-0328,ND-0013,ND-0032,DV-0091,DV-0184,HF,3195.7,3.0,31629.0,109.2,-58.2,17.58,true,GOOD,false
LK-0329,ND-0002,ND-0040,DV-0009,DV-0224,HF,3195.7,24.0,31691.3,106.51,-60.51,6.24,true,WARNING,false
LK-0330,ND-0033,ND-0065,DV-0190,DV-0293,VUHF,148218.8,12.5,31795.9,165.52,-118.52,-10.78,false,FAULT,false
LK-0331,ND-0017,ND-0101,DV-0110,DV-0329,VUHF,148218.8,12.5,31895.5,161.67,-114.67,-6.93,false,FAULT,false
LK-0332,ND-0016,ND-0027,DV-0106,DV-0159,HF,3195.7,24.0,32056.6,106.72,-51.72,15.03,true,GOOD,false
LK-0333,ND-0011,ND-0027,DV-0086,DV-0160,VUHF,148218.8,12.5,32211.9,157.54,-110.54,-2.79,false,FAULT,false
LK-0334,ND-0043,ND-0093,DV-0240,DV-0321,VUHF,148218.8,12.5,32798.5,151.33,-104.33,3.41,true,WARNING,false
LK-0335,ND-0030,ND-0050,DV-0174,DV-0274,HF,3195.7,3.0,32932.6,107.22,-57.22,18.56,true,GOOD,false
LK-0336,ND-0048,ND-0114,DV-0264,DV-0363,HF,3195.7,3.0,33018.6,109.99,-62.99,12.8,true,GOOD,false
LK-0337,ND-0011,ND-0118,DV-0085,DV-0379,HF,3195.7,24.0,33041.0,107.84,-56.84,9.91,true,WARNING,false
LK-0338,ND-0011,ND-0043,DV-0086,DV-0240,VUHF,148218.8,12.5,33109.1,136.71,-89.71,18.04,true,GOOD,false
LK-0339,ND-0016,ND-0036,DV-0106,DV-0204,HF,3195.7,24.0,33477.5,108.08,-56.28,10.47,true,GOOD,false
LK-0340,ND-0012,ND-0025,DV-0088,DV-0149,HF,3195.7,0.5,33733.1,110.38,-64.38,19.19,true,GOOD,false
LK-0341,ND-0016,ND-0024,DV-0106,DV-0144,HF,3195.7,24.0,33944.8,110.49,-55.49,11.26,true,GOOD,false
LK-0342,ND-0046,ND-0052,DV-0255,DV-0280,VUHF,465906.2,12.5,34000.7,164.16,-119.36,-7.67,false,FAULT,false
LK-0343,ND-0016,ND-0033,DV-0106,DV-0189,HF,3195.7,24.0,34439.6,108.6,-49.6,17.15,true,GOOD,false
LK-0344,ND-0011,ND-0126,DV-0085,DV-0401,HF,3195.7,24.0,34633.5,108.71,-57.71,9.05,true,WARNING,false
LK-0345,ND-0018,ND-0121,DV-0115,DV-0391,HF,3195.7,3.0,34758.4,108.21,-69.21,6.57,true,WARNING,false
LK-0346,ND-0029,ND-0087,DV-0170,DV-0315,VUHF,148218.8,12.5,35114.5,149.42,-97.42,10.32,true,GOOD,false
LK-0347,ND-0003,ND-0046,DV-0027,DV-0254,HF,3195.7,0.5,35205.2,111.15,-48.15,35.41,true,EXCELLENT,false
LK-0348,ND-0016,ND-0044,DV-0106,DV-0244,HF,3195.7,24.0,35291.5,109.05,-54.05,12.7,true,GOOD,false
LK-0349,ND-0016,ND-0110,DV-0106,DV-0347,HF,3195.7,24.0,35377.0,108.54,-53.54,13.21,true,GOOD,false
LK-0350,ND-0011,ND-0085,DV-0086,DV-0313,VUHF,148218.8,12.5,35977.8,155.9,-108.9,-1.15,false,FAULT,false
LK-0351,ND-0017,ND-0075,DV-0110,DV-0303,VUHF,148218.8,12.5,36052.7,151.21,-104.21,3.53,true,WARNING,false
LK-0352,ND-0012,ND-0018,DV-0088,DV-0115,HF,3195.7,0.5,36415.9,116.73,-69.73,13.83,true,GOOD,false
LK-0353,ND-0013,ND-0024,DV-0091,DV-0144,HF,3195.7,3.0,36627.6,111.87,-56.87,18.91,true,GOOD,false
LK-0354,ND-0023,ND-0103,DV-0140,DV-0331,VUHF,148218.8,12.5,36868.6,145.35,-96.35,11.4,true,GOOD,false
LK-0355,ND-0025,ND-0111,DV-0149,DV-0351,HF,3195.7,3.0,37179.7,112.15,-62.15,13.64,true,GOOD,false
LK-0356,ND-0018,ND-0036,DV-0115,DV-0204,HF,3195.7,3.0,37306.0,120.72,-73.72,2.06,true,FAULT,false
LK-0357,ND-0040,ND-0110,DV-0224,DV-0347,HF,3195.7,3.0,37692.4,110.26,-60.26,15.53,true,GOOD,false
LK-0358,ND-0017,ND-0132,DV-0109,DV-0413,HF,3195.7,0.5,37873.0,110.35,-67.35,16.22,true,GOOD,false
LK-0359,ND-0018,ND-0028,DV-0115,DV-0164,HF,3195.7,3.0,37915.8,110.37,-59.37,16.42,true,GOOD,false
LK-0360,ND-0017,ND-0125,DV-0109,DV-0399,HF,3195.7,0.5,37976.2,110.4,-59.4,24.17,true,EXCELLENT,false
LK-0361,ND-0039,ND-0104,DV-0220,DV-0332,VUHF,465906.2,12.5,39145.7,163.08,-118.28,-6.59,false,FAULT,false
LK-0362,ND-0004,ND-0127,DV-0037,DV-0403,HF,3195.7,3.0,39252.9,111.0,-56.0,19.78,true,GOOD,false
LK-0363,ND-0073,ND-0103,DV-0301,DV-0331,VUHF,148218.8,12.5,39785.2,139.9,-90.9,16.85,true,GOOD,false
LK-0364,ND-0004,ND-0125,DV-0037,DV-0399,HF,3195.7,3.0,40116.3,110.84,-55.84,19.94,true,GOOD,false
LK-0365,ND-0099,ND-0103,DV-0327,DV-0331,VUHF,148218.8,12.5,40596.0,148.64,-97.64,10.11,true,GOOD,false
LK-0366,ND-0003,ND-0047,DV-0033,DV-0260,VUHF,148218.8,12.5,40609.4,108.03,-61.03,46.71,true,EXCELLENT,false
LK-0367,ND-0011,ND-0109,DV-0085,DV-0343,HF,3195.7,24.0,40696.1,111.66,-56.66,10.09,true,GOOD,false
LK-0368,ND-0040,ND-0119,DV-0224,DV-0383,HF,3195.7,3.0,40870.5,113.86,-67.86,7.92,true,WARNING,false
LK-0369,ND-0013,ND-0109,DV-0091,DV-0343,HF,3195.7,3.0,41015.8,113.93,-58.93,16.86,true,GOOD,false
LK-0370,ND-0039,ND-0118,DV-0219,DV-0379,HF,3195.7,2.1,41247.8,111.35,-60.35,16.98,true,GOOD,false
LK-0371,ND-0013,ND-0053,DV-0092,DV-0281,VUHF,148218.8,12.5,41383.8,165.47,-118.47,-10.72,false,FAULT,false
LK-0372,ND-0046,ND-0112,DV-0254,DV-0355,HF,3195.7,24.0,42147.5,112.3,-48.5,18.26,true,GOOD,false
LK-0373,ND-0027,ND-0047,DV-0160,DV-0260,VUHF,148218.8,12.5,42296.2,144.29,-97.29,10.46,true,GOOD,false
LK-0374,ND-0044,ND-0047,DV-0245,DV-0260,VUHF,465906.2,12.5,42829.3,144.93,-100.13,11.55,true,GOOD,false
LK-0375,ND-0023,ND-0047,DV-0139,DV-0259,HF,3195.7,3.0,43094.3,112.7,-61.7,14.08,true,GOOD,false
LK-0376,ND-0024,ND-0047,DV-0144,DV-0259,HF,3195.7,2.1,43273.0,112.23,-61.23,16.11,true,GOOD,false
LK-0377,ND-0039,ND-0051,DV-0220,DV-0279,VUHF,148218.8,12.5,44333.0,110.47,-63.47,44.28,true,EXCELLENT,false
LK-0378,ND-0032,ND-0047,DV-0184,DV-0259,HF,3195.7,0.5,44368.6,112.68,-65.68,17.88,true,GOOD,false
LK-0379,ND-0005,ND-0053,DV-0053,DV-0281,VUHF,148218.8,12.5,44539.5,119.7,-67.7,40.05,true,EXCELLENT,false
LK-0380,ND-0015,ND-0017,DV-0103,DV-0109,HF,3195.7,3.0,44687.2,112.81,-62.81,12.97,true,GOOD,false
LK-0381,ND-0111,ND-0129,DV-0351,DV-0407,HF,3195.7,3.0,45007.8,113.49,-70.49,5.29,true,WARNING,false
LK-0382,ND-0029,ND-0067,DV-0170,DV-0295,VUHF,148218.8,12.5,47494.1,147.91,-95.91,11.84,true,GOOD,false
LK-0383,ND-0047,ND-0124,DV-0259,DV-0397,HF,3195.7,0.5,47870.7,76.31,-33.31,50.25,true,EXCELLENT,false
LK-0384,ND-0075,ND-0093,DV-0303,DV-0321,VUHF,148218.8,12.5,48528.6,143.99,-96.99,10.75,true,GOOD,false
LK-0385,ND-0018,ND-0029,DV-0115,DV-0169,HF,3195.7,3.0,48559.5,114.87,-63.87,11.91,true,GOOD,false
LK-0386,ND-0005,ND-0108,DV-0047,DV-0339,HF,3195.7,2.1,48862.2,114.44,-59.44,17.9,true,GOOD,false
LK-0387,ND-0012,ND-0109,DV-0088,DV-0343,HF,3195.7,0.5,49340.6,120.61,-69.61,13.96,true,GOOD,false
LK-0388,ND-0015,ND-0117,DV-0103,DV-0375,HF,3195.7,3.0,49716.5,114.75,-64.75,11.03,true,GOOD,false
LK-0389,ND-0015,ND-0091,DV-0104,DV-0319,VUHF,148218.8,12.5,50156.3,148.63,-99.63,8.11,true,WARNING,false
LK-0390,ND-0013,ND-0047,DV-0091,DV-0259,HF,3195.7,3.0,50531.1,115.05,-64.05,11.74,true,GOOD,false
LK-0391,ND-0015,ND-0127,DV-0103,DV-0403,HF,3195.7,3.0,50535.9,115.05,-60.05,15.73,true,GOOD,false
LK-0392,ND-0015,ND-0115,DV-0103,DV-0367,HF,3195.7,3.0,50558.2,115.06,-61.06,14.73,true,GOOD,false
LK-0393,ND-0005,ND-0017,DV-0047,DV-0109,HF,3195.7,2.1,51461.8,115.38,-64.38,12.95,true,GOOD,false
LK-0394,ND-0039,ND-0131,DV-0219,DV-0411,HF,3195.7,2.1,51877.6,116.07,-73.07,4.26,true,WARNING,false
LK-0395,ND-0110,ND-0122,DV-0347,DV-0393,HF,3195.7,2.1,51889.5,116.07,-69.07,8.26,true,WARNING,false
LK-0396,ND-0005,ND-0068,DV-0053,DV-0296,VUHF,465906.2,12.5,53153.4,165.4,-115.6,-3.92,false,FAULT,false
LK-0397,ND-0015,ND-0107,DV-0103,DV-0335,HF,3195.7,3.0,53524.3,116.09,-66.09,9.69,true,WARNING,false
LK-0398,ND-0005,ND-0048,DV-0047,DV-0264,HF,3195.7,2.1,53601.8,116.12,-65.12,12.22,true,GOOD,false
LK-0399,ND-0004,ND-0025,DV-0037,DV-0149,HF,3195.7,3.0,53763.7,116.17,-66.17,9.61,true,WARNING,false
LK-0400,ND-0039,ND-0110,DV-0219,DV-0347,HF,3195.7,2.1,53814.7,118.82,-63.82,13.51,true,GOOD,false
LK-0401,ND-0046,ND-0070,DV-0255,DV-0298,VUHF,465906.2,12.5,53913.0,151.88,-107.08,4.61,true,WARNING,false
LK-0402,ND-0005,ND-0023,DV-0047,DV-0139,HF,3195.7,2.1,54415.4,77.45,-22.45,54.88,true,EXCELLENT,false
LK-0403,ND-0047,ND-0111,DV-0259,DV-0351,HF,3195.7,0.5,54479.7,116.41,-66.41,17.15,true,GOOD,false
LK-0404,ND-0122,ND-0124,DV-0393,DV-0397,HF,3195.7,3.0,54551.0,116.98,-69.98,5.81,true,WARNING,false
LK-0405,ND-0005,ND-0045,DV-0047,DV-0249,HF,3195.7,2.1,54963.0,120.75,-70.75,6.59,true,WARNING,false
LK-0406,ND-0009,ND-0067,DV-0074,DV-0295,VUHF,148218.8,12.5,55650.7,114.98,-65.98,41.76,true,EXCELLENT,false
LK-0407,ND-0005,ND-0009,DV-0053,DV-0074,VUHF,148218.8,12.5,55799.7,110.79,-56.79,50.95,true,EXCELLENT,false
LK-0408,ND-0005,ND-0032,DV-0053,DV-0185,VUHF,465906.2,12.5,56380.0,155.31,-105.51,6.18,true,WARNING,false
LK-0409,ND-0015,ND-0110,DV-0103,DV-0347,HF,3195.7,3.0,56905.7,117.2,-63.2,12.59,true,GOOD,false
LK-0410,ND-0015,ND-0116,DV-0103,DV-0371,HF,3195.7,3.0,57431.4,117.36,-67.36,8.42,true,WARNING,false
LK-0411,ND-0015,ND-0113,DV-0103,DV-0359,HF,3195.7,3.0,57463.9,117.38,-67.38,8.41,true,WARNING,false
LK-0412,ND-0037,ND-0039,DV-0209,DV-0219,HF,3195.7,0.5,58640.8,118.28,-67.28,16.28,true,GOOD,false
LK-0413,ND-0094,ND-0098,DV-0322,DV-0326,VUHF,465906.2,12.5,58647.5,151.38,-106.58,5.1,true,WARNING,false
LK-0414,ND-0038,ND-0098,DV-0215,DV-0326,VUHF,465906.2,12.5,59027.1,130.76,-85.96,25.73,true,EXCELLENT,false
LK-0415,ND-0013,ND-0041,DV-0092,DV-0230,VUHF,148218.8,12.5,60106.1,123.92,-76.92,30.82,true,EXCELLENT,false
LK-0416,ND-0013,ND-0039,DV-0091,DV-0219,HF,3195.7,3.0,60397.0,78.38,-23.38,52.4,true,EXCELLENT,false
LK-0417,ND-0070,ND-0093,DV-0298,DV-0321,VUHF,465906.2,12.5,60397.5,152.6,-107.8,3.89,true,WARNING,false
LK-0418,ND-0004,ND-0069,DV-0043,DV-0297,VUHF,465906.2,12.5,60504.4,147.71,-102.91,8.78,true,WARNING,false
LK-0419,ND-0005,ND-0124,DV-0047,DV-0397,HF,3195.7,2.1,60589.3,118.33,-71.33,6.0,true,WARNING,false
LK-0420,ND-0014,ND-0039,DV-0097,DV-0219,HF,3195.7,2.1,60839.4,118.41,-59.41,17.93,true,GOOD,false
LK-0421,ND-0007,ND-0129,DV-0067,DV-0407,HF,3195.7,0.5,61240.1,119.06,-76.06,7.5,true,WARNING,false
LK-0422,ND-0015,ND-0037,DV-0104,DV-0210,VUHF,148218.8,12.5,61288.5,156.83,-109.83,-2.09,false,FAULT,false
LK-0423,ND-0003,ND-0109,DV-0027,DV-0343,HF,3195.7,0.5,61390.0,119.11,-64.11,19.46,true,GOOD,false
LK-0424,ND-0017,ND-0028,DV-0109,DV-0164,HF,3195.7,0.5,61720.2,120.93,-69.93,13.64,true,GOOD,false
LK-0425,ND-0042,ND-0109,DV-0234,DV-0343,HF,3195.7,0.5,62191.5,119.34,-68.34,15.23,true,GOOD,false
LK-0426,ND-0004,ND-0005,DV-0043,DV-0053,VUHF,465906.2,12.5,62506.1,155.84,-106.04,5.65,true,WARNING,false
LK-0427,ND-0005,ND-0011,DV-0053,DV-0086,VUHF,148218.8,12.5,64250.8,116.08,-64.08,43.66,true,EXCELLENT,false
LK-0428,ND-0004,ND-0058,DV-0043,DV-0286,VUHF,465906.2,12.5,65214.0,138.66,-93.86,17.82,true,GOOD,false
LK-0429,ND-0003,ND-0098,DV-0033,DV-0326,VUHF,465906.2,12.5,65889.5,122.18,-77.38,34.3,true,EXCELLENT,false
LK-0430,ND-0005,ND-0037,DV-0053,DV-0210,VUHF,148218.8,12.5,66398.8,157.85,-105.85,1.9,true,FAULT,false
LK-0431,ND-0005,ND-0093,DV-0053,DV-0321,VUHF,148218.8,12.5,67799.4,147.86,-95.86,11.89,true,GOOD,false
LK-0432,ND-0122,ND-0126,DV-0393,DV-0401,HF,3195.7,3.0,72487.8,121.26,-70.26,5.53,true,WARNING,false
LK-0433,ND-0028,ND-0042,DV-0164,DV-0234,HF,3195.7,3.0,75986.5,121.38,-70.38,5.41,true,WARNING,false
LK-0434,ND-0069,ND-0093,DV-0297,DV-0321,VUHF,148218.8,12.5,76010.4,136.75,-89.75,17.99,true,GOOD,false
LK-0435,ND-0003,ND-0097,DV-0033,DV-0325,VUHF,148218.8,12.5,77502.2,118.6,-71.6,36.15,true,EXCELLENT,false
LK-0436,ND-0041,ND-0124,DV-0229,DV-0397,HF,3195.7,24.0,78451.0,121.46,-78.46,-11.71,false,FAULT,false
LK-0437,ND-0108,ND-0129,DV-0339,DV-0407,HF,3195.7,0.5,79614.9,121.5,-78.5,5.06,true,WARNING,false
LK-0438,ND-0003,ND-0041,DV-0027,DV-0229,HF,3195.7,0.5,79962.0,121.52,-70.52,13.05,true,GOOD,false
LK-0439,ND-0108,ND-0122,DV-0339,DV-0393,HF,3195.7,0.5,80457.6,121.53,-74.53,9.03,true,WARNING,false
LK-0440,ND-0006,ND-0014,DV-0063,DV-0098,VUHF,465906.2,12.5,80525.9,134.21,-89.41,22.27,true,EXCELLENT,false
LK-0441,ND-0016,ND-0049,DV-0107,DV-0270,VUHF,465906.2,12.5,82837.9,160.18,-115.38,-3.69,false,FAULT,false
LK-0442,ND-0008,ND-0042,DV-0071,DV-0235,VUHF,465906.2,12.5,85222.5,139.75,-94.95,16.74,true,GOOD,false
LK-0443,ND-0001,ND-0034,DV-0001,DV-0194,HF,3195.7,24.0,86304.6,121.75,-66.75,0.0,true,FAULT,false
LK-0444,ND-0011,ND-0020,DV-0086,DV-0125,VUHF,465906.2,12.5,86367.9,140.49,-95.69,15.99,true,GOOD,false
LK-0445,ND-0014,ND-0021,DV-0098,DV-0128,VUHF,465906.2,12.5,86777.5,137.22,-92.42,19.27,true,GOOD,false
LK-0446,ND-0014,ND-0034,DV-0098,DV-0195,VUHF,465906.2,12.5,86788.1,137.03,-92.23,19.46,true,GOOD,false
LK-0447,ND-0014,ND-0019,DV-0098,DV-0122,VUHF,465906.2,12.5,87133.7,134.47,-89.67,22.01,true,EXCELLENT,false
LK-0448,ND-0034,ND-0109,DV-0194,DV-0343,HF,3195.7,2.1,87688.4,121.8,-66.8,10.53,true,GOOD,false
LK-0449,ND-0015,ND-0041,DV-0103,DV-0229,HF,3195.7,3.0,88676.5,121.84,-71.84,3.94,true,WARNING,false
LK-0450,ND-0091,ND-0097,DV-0319,DV-0325,VUHF,148218.8,12.5,89053.0,144.69,-95.69,12.06,true,GOOD,false
LK-0451,ND-0032,ND-0041,DV-0184,DV-0229,HF,3195.7,0.5,89593.0,125.35,-78.35,5.22,true,WARNING,false
LK-0452,ND-0047,ND-0122,DV-0259,DV-0393,HF,3195.7,0.5,89980.2,121.89,-78.89,4.67,true,WARNING,false
LK-0453,ND-0021,ND-0093,DV-0128,DV-0321,VUHF,148218.8,12.5,90290.0,142.09,-95.09,12.66,true,GOOD,false
LK-0454,ND-0038,ND-0105,DV-0215,DV-0333,VUHF,465906.2,12.5,90475.9,149.2,-104.4,7.28,true,WARNING,false
LK-0455,ND-0020,ND-0047,DV-0124,DV-0259,HF,3195.7,3.0,90748.9,121.92,-71.92,3.86,true,WARNING,false
LK-0456,ND-0035,ND-0041,DV-0200,DV-0230,VUHF,148218.8,12.5,90970.1,140.17,-93.17,14.57,true,GOOD,false
LK-0457,ND-0028,ND-0030,DV-0164,DV-0174,HF,3195.7,3.0,91304.4,82.09,-28.09,47.69,true,EXCELLENT,false
LK-0458,ND-0042,ND-0125,DV-0234,DV-0399,HF,3195.7,0.5,91795.5,121.97,-70.97,12.6,true,GOOD,false
LK-0459,ND-0042,ND-0132,DV-0234,DV-0413,HF,3195.7,0.5,91872.0,121.97,-78.97,4.6,true,WARNING,false
LK-0460,ND-0030,ND-0111,DV-0174,DV-0351,HF,3195.7,3.0,92276.6,121.99,-67.99,7.8,true,WARNING,false
LK-0461,ND-0008,ND-0058,DV-0071,DV-0286,VUHF,465906.2,12.5,92936.6,137.6,-92.8,18.89,true,GOOD,false
LK-0462,ND-0024,ND-0041,DV-0144,DV-0229,HF,3195.7,2.1,93734.4,122.05,-71.05,6.29,true,WARNING,false
LK-0463,ND-0030,ND-0052,DV-0175,DV-0280,VUHF,465906.2,12.5,94529.8,142.44,-97.64,14.04,true,GOOD,false
LK-0464,ND-0015,ND-0022,DV-0103,DV-0133,HF,3195.7,3.0,94544.7,122.08,-72.08,3.7,true,WARNING,false
LK-0465,ND-0023,ND-0041,DV-0139,DV-0229,HF,3195.7,3.0,94830.3,82.44,-31.44,44.35,true,EXCELLENT,false
LK-0466,ND-0069,ND-0099,DV-0297,DV-0327,VUHF,148218.8,12.5,94864.6,152.01,-103.01,4.74,true,WARNING,false
LK-0467,ND-0022,ND-0074,DV-0134,DV-0302,VUHF,465906.2,12.5,94895.3,151.96,-107.16,4.53,true,WARNING,false
LK-0468,ND-0049,ND-0119,DV-0269,DV-0383,HF,3195.7,2.1,94944.1,122.1,-67.1,10.24,true,GOOD,false
LK-0469,ND-0049,ND-0121,DV-0269,DV-0391,HF,3195.7,2.1,95155.5,122.1,-75.1,2.23,true,FAULT,false
LK-0470,ND-0041,ND-0108,DV-0229,DV-0339,HF,3195.7,24.0,96678.0,122.17,-71.17,-4.42,false,FAULT,false
LK-0471,ND-0015,ND-0020,DV-0103,DV-0124,HF,3195.7,3.0,96808.0,122.17,-68.17,7.61,true,WARNING,false
LK-0472,ND-0020,ND-0111,DV-0124,DV-0351,HF,3195.7,3.0,98428.4,122.24,-68.24,7.54,true,WARNING,false
LK-0473,ND-0020,ND-0110,DV-0124,DV-0347,HF,3195.7,3.0,99735.0,122.3,-68.3,7.48,true,WARNING,false
LK-0474,ND-0019,ND-0037,DV-0121,DV-0209,HF,3195.7,2.1,99757.1,122.3,-63.3,14.03,true,GOOD,false
LK-0475,ND-0034,ND-0110,DV-0194,DV-0347,HF,3195.7,2.1,100058.0,122.31,-67.31,10.02,true,GOOD,false
LK-0476,ND-0034,ND-0113,DV-0194,DV-0359,HF,3195.7,2.1,102396.8,122.42,-71.42,5.92,true,WARNING,false
LK-0477,ND-0022,ND-0109,DV-0133,DV-0343,HF,3195.7,0.5,104016.9,122.49,-71.49,12.08,true,GOOD,false
LK-0478,ND-0030,ND-0127,DV-0174,DV-0403,HF,3195.7,3.0,104141.2,122.49,-67.49,8.29,true,WARNING,false
LK-0479,ND-0030,ND-0031,DV-0174,DV-0179,HF,3195.7,3.0,104950.3,122.53,-72.53,3.25,true,WARNING,false
LK-0480,ND-0049,ND-0128,DV-0269,DV-0405,HF,3195.7,2.1,105652.1,122.56,-71.56,5.77,true,WARNING,false
LK-0481,ND-0049,ND-0112,DV-0269,DV-0355,HF,3195.7,2.1,105902.0,122.57,-63.57,13.76,true,GOOD,false
LK-0482,ND-0007,ND-0034,DV-0067,DV-0194,HF,3195.7,0.5,107202.2,122.63,-67.63,15.93,true,GOOD,false
LK-0483,ND-0022,ND-0123,DV-0133,DV-0395,HF,3195.7,0.5,108415.2,122.69,-79.69,3.88,true,WARNING,false
LK-0484,ND-0001,ND-0050,DV-0001,DV-0274,HF,3195.7,24.0,108639.9,122.7,-72.7,-5.95,false,FAULT,false
LK-0485,ND-0020,ND-0127,DV-0124,DV-0403,HF,3195.7,3.0,109610.6,122.74,-67.74,8.04,true,WARNING,false
LK-0486,ND-0026,ND-0028,DV-0154,DV-0164,HF,3195.7,24.0,109890.7,122.76,-71.76,-5.0,false,FAULT,false
LK-0487,ND-0019,ND-0115,DV-0121,DV-0367,HF,3195.7,2.1,110189.9,122.77,-59.77,17.56,true,GOOD,false
LK-0488,ND-0020,ND-0031,DV-0124,DV-0179,HF,3195.7,3.0,110378.5,122.78,-72.78,3.0,true,WARNING,false
LK-0489,ND-0021,ND-0112,DV-0127,DV-0355,HF,3195.7,24.0,110528.0,122.79,-66.99,-0.23,false,FAULT,false
LK-0490,ND-0027,ND-0034,DV-0159,DV-0194,HF,3195.7,0.5,110978.9,122.81,-67.81,15.76,true,GOOD,false
LK-0491,ND-0019,ND-0031,DV-0121,DV-0179,HF,3195.7,2.1,110985.7,122.81,-63.81,13.52,true,GOOD,false
LK-0492,ND-0049,ND-0108,DV-0269,DV-0339,HF,3195.7,2.1,111117.4,122.82,-63.82,13.52,true,GOOD,false
LK-0493,ND-0003,ND-0026,DV-0027,DV-0154,HF,3195.7,0.5,112002.7,122.86,-71.86,11.71,true,GOOD,false
LK-0494,ND-0019,ND-0024,DV-0121,DV-0144,HF,3195.7,2.1,114328.3,122.97,-59.97,17.36,true,GOOD,false
LK-0495,ND-0022,ND-0112,DV-0133,DV-0355,HF,3195.7,0.5,116941.2,123.1,-72.1,11.47,true,GOOD,false
LK-0496,ND-0019,ND-0048,DV-0121,DV-0264,HF,3195.7,2.1,117950.5,123.15,-64.15,13.19,true,GOOD,false
LK-0497,ND-0030,ND-0040,DV-0174,DV-0224,HF,3195.7,3.0,118876.3,123.19,-73.19,2.59,true,FAULT,false
LK-0498,ND-0017,ND-0030,DV-0109,DV-0174,HF,3195.7,0.5,129388.7,123.73,-73.73,9.83,true,WARNING,false
LK-0499,ND-0050,ND-0112,DV-0274,DV-0355,HF,3195.7,3.0,131542.5,123.85,-73.85,1.94,true,FAULT,false
LK-0500,ND-0017,ND-0034,DV-0109,DV-0194,HF,3195.7,0.5,133795.5,123.97,-72.97,10.6,true,GOOD,false
