case_id,fault_type,fault_subtype,object_type,device_class,symptom_ids,symptom_text,snr_db,ber,packet_loss_rate,delay_ms,throughput_kbps,device_selftest,root_cause,fault_component,diagnosis_steps,solution,repair_time_min,source_doc,
FM24_001,HW_FAILURE,AUDIO_NOISE_ABSENT,RADIO_SET,HF,,,,,,,,,,No noise from handset earpiece,Handset faulty,Check handset,Change handset,,FM24-19.pdf
FM24_002,HW_FAILURE,SPEAKER_AUDIO_FAILURE,RADIO_SET,HF,,,,,,,,,,No noise from speaker (AM-6879),Speaker off; squelch too high; amplifier/converter faulty,Check speaker switch and squelch; evaluate amplifier/converter,Turn speaker on; turn squelch counter-clockwise; HCM required,,FM24-19.pdf
FM24_003,HW_FAILURE,LOW_INPUT_VOLTAGE,RADIO_SET,HF,,,,,,,,,,Clicking sound in handset earpiece,Low input voltage to radio set,Check input voltage,Adjust input voltage to 26.5 V DC,,FM24-19.pdf
FM24_004,HW_FAILURE,FAULT_TONE_AT_STARTUP,RADIO_SET,HF,,,,,,,,,,Fault tone at turn on,Amplifier/converter or antenna-coupler faulty,Observe fault tone during warm-up and troubleshoot if abnormal,HCM required when fault persists,,FM24-19.pdf
FM24_005,HW_FAILURE,BANDSWITCH_NOISE_ABSENT,RADIO_SET,HF,,,,,,,,,,Noise of bandswitching is not heard in the Power Amplifier (AM-6545).,No code from receiver/transmitter (RT-1209); faulty power amplifier (AM-6545),"Change frequency by 10,000 kHz without going outside 2 to 30 MHz","If symptom persists, HCM is required",,FM24-19.pdf
FM24_006,HW_FAILURE,TUN_INDICATOR_FAILURE,RADIO_SET,HF,,,,,,,,,,No Yellow TUN light on AM-6545.,High input voltage over 32 VDC or low input voltage under 20 VDC,Check input voltage,Adjust input voltage to 26.5 VDC; perform fan/lamp test,,FM24-19.pdf
FM24_007,HW_FAILURE,READY_INDICATOR_FAILURE,RADIO_SET,HF,,,,,,,,,,No Green RDY light after 1 minute warm-up.,Faulty power amplifier,Check RDY indication after warm-up,HCM required,,FM24-19.pdf
FM24_008,HW_FAILURE,TUNE_SIGNAL_ABSENT,RADIO_SET,HF,,,,,,,,,,No steady tune signal in the handset or speaker when handset PTT switch is pressed.,Handset inoperative; speaker off; faulty speaker/AM-6879,Press handset PTT and check tune signal; check speaker,Replace handset; turn speaker on; HCM required as applicable,,FM24-19.pdf
FM24_009,HW_FAILURE,XMIT_INDICATOR_FAILURE,RADIO_SET,HF,,,,,,,,,,No Green XMIT lamp on AM-6545 when handset PTT switch is pressed.,Handset inoperative; defective AM-6545 or AM-6879,Press handset PTT and check XMIT indication,Replace handset; HCM required as applicable,,FM24-19.pdf
FM24_010,HW_FAILURE,FILAMENT_FAULT,RADIO_SET,HF,,,,,,,,,,Red FIL FAULT lamp on AM-6545 lights.,Power amplifier tube defective,Observe FIL FAULT indication,HCM required,,FM24-19.pdf
FM24_011,HW_FAILURE,PA_FAULT,RADIO_SET,HF,,,,,,,,,,Red PA FAULT lamp on AM-6545 lights.,Power amplifier AM-6545 or antenna coupler faulty; RF coax cable W5; power/control cable W6; HV RF cable; antenna not installed,"Check equipment, cables, connections, and antenna installation",HCM; check breaks/cracks/connections; install antenna,,FM24-19.pdf
FM24_012,HW_FAILURE,CPLR_FAULT,RADIO_SET,HF,,,,,,,,,,RED CPLR FAULT light on AM-6545 lights.,Power amplifier AM-6545 or antenna coupler faulty; RF coax cable W5; power/control cable W6; HV RF cable; antenna not installed,"Check equipment, cables, connections, and antenna installation",HCM; check breaks/cracks/connections; install antenna,,FM24-19.pdf
FM24_013,HW_FAILURE,BANDSWITCH_CONTINUOUS_ROTATION,RADIO_SET,HF,,,,,,,,,,AM-6545 internal bandswitch rotates continuously and will not stop.,Faulty power amplifier AM-6545,Observe bandswitch operation,Remove power from radio set; HCM required,,FM24-19.pdf
FM24_014,HW_FAILURE,THERMAL_SHUTDOWN,RADIO_SET,HF,,,,,,,,,,Radio set shuts down during operation.,Over-temperature; internal temperature reaches 55°C (131°F),Check air intake louvers and operating temperature,Remove obstacles from air intake; allow normal temperature; warm-up and tune again,,FM24-19.pdf
FM24_015,HW_FAILURE,METER_NO_DEFLECTION,RADIO_SET,HF,,,,,,,,,,Meter on AM-6545 does not deflect when speaking into handset.,Faulty handset; W2 power/control cable; faulty meter,"Check handset, W2 connections, and meter",Replace handset; check W2 connections; HCM required,,FM24-19.pdf
FM24_016,HW_FAILURE,MAIN_BREAKER_TRIP,RADIO_SYSTEM,HF,,,,,,,,,,Main circuit breaker kicks out,Circuit breaker fault or overload condition,Check circuit breaker operation,Reset breaker; refer to higher maintenance if problem continues,,FM24-19.pdf
FM24_017,HW_FAILURE,NO_DC_VOLTAGE,RADIO_SYSTEM,HF,,,,,,,,,,Power distribution panel meter does not indicate voltage and POWER lamp does not light.,Power cable disconnected or damaged; DC entrance box fault,Check power cable connection and condition,Reconnect or replace power cable; HCM if required,,FM24-19.pdf
FM24_018,HW_FAILURE,NO_AC_VOLTAGE,RADIO_SYSTEM,HF,,,,,,,,,,AC voltmeter does not indicate any AC voltage.,AC power cable or connection fault,Check AC power cable,Reconnect cable; HCM if required,,FM24-19.pdf
FM24_019,HW_FAILURE,DC_METER_FAILURE,RADIO_SYSTEM,HF,,,,,,,,,,DC meter does not indicate voltage but POWER lamp does light.,Faulty DC meter or distribution wiring,Check meter and associated wiring,HCM required,,FM24-19.pdf
FM24_020,HW_FAILURE,POWER_LAMP_FAILURE,RADIO_SYSTEM,HF,,,,,,,,,,PWR lamp does not light.,Faulty lamp or power connection,Check PWR lamp and power connection,Replace lamp or correct connection,,FM24-19.pdf
FM24_021,HW_FAILURE,BLOWN_FUSE,RADIO_SYSTEM,HF,,,,,,,,,,Fuse holder glows.,Blown fuse,Check fuse,Replace fuse; HCM if fuse fails again,,FM24-19.pdf
FM24_022,HW_FAILURE,CIRCUIT_BREAKER_TRIP,RADIO_SYSTEM,HF,,,,,,,,,,"AC MAIN, INVERTER, OWR, INVERTER DX, PWR SUP, BLO or LIGHTS circuit breaker kicks out.",Overload condition,Check associated equipment and circuit,Reset breaker; HCM if condition remains,,FM24-19.pdf
FM24_023,HW_FAILURE,RECEPTACLE_OVERLOAD,RADIO_SYSTEM,HF,,,,,,,,,,RECP circuit breaker kicks out.,Equipment connected to receptacle causes overload,Check connected equipment,Remove faulty equipment; reset breaker,,FM24-19.pdf
FM24_024,HW_FAILURE,RADIO_TUNING_FAILURE,RADIO_TTY_SET,HF,,,,,,,,,,Radio tuning procedure cannot be accomplished.,Loose/improper cable connections; blown fuse; improper antenna setup; amplifier fault,"Check cables, fuse, antenna setup, amplifier",Reconnect cables; replace fuse; correct antenna setup; HCM if required,,FM24-19.pdf
FM24_025,HW_FAILURE,HIGH_VSWR,RADIO_TTY_SET,HF,,,,,,,,,,VSWR too high; ME-165/G meter indicates in red area.,Doublet antenna improperly installed,Check antenna installation,Correct antenna installation,,FM24-19.pdf
FM24_026,HW_FAILURE,LOW_RF_OUTPUT,RADIO_TTY_SET,HF,,,,,,,,,,Low power output.,Amplifier fault,Check amplifier operation,Refer to amplifier maintenance procedure,,FM24-19.pdf
FM24_027,LINK_DOWN,NO_LOOP_CURRENT,RADIO_TTY_SET,HF,,,,,,,,,,No loop current.,Modem switch off; insufficient 20 VDC; loose cable connection; remote field wiring fault,"Check modem switch, power indication, cable connections and field wiring",Turn modem on; restore 20 VDC; reconnect cables; check field wiring,,FM24-19.pdf
FM24_028,LINK_DOWN,NO_RECEPTION,RADIO_TTY_SET,HF,,,,,,,,,,No reception in any mode of operation.,Loose/improper cables; defective RT-662/GRC; defective modem,"Check cables, RT-662/GRC and modem",Reconnect cables; replace defective equipment,,FM24-19.pdf
FM24_029,HW_FAILURE,TTY_MOTOR_FAILURE,RADIO_TTY_SET,HF,,,,,,,,,,Teletypewriter motor does not operate.,Loose/improper power cable or defective teletypewriter,Check power cable and teletypewriter,Reconnect cable; refer to maintenance manual,,FM24-19.pdf
FM24_030,HW_FAILURE,TTY_ABNORMAL_OPERATION,RADIO_TTY_SET,HF,,,,,,,,,,Teletypewriter operation abnormal.,Loose/improper cable connections or defective teletypewriter,Check all TTY cable connections,Reconnect cables; maintenance required if fault remains,,FM24-19.pdf
FM24_031,HW_FAILURE,MODEM_FAILURE,RADIO_TTY_SET,HF,,,,,,,,,,No loop current or abnormal teletypewriter operation.,Modem fault,Check modem switch and power,Correct modem condition,,FM24-19.pdf
FM24_032,HW_FAILURE,ANTENNA_INSTALLATION_FAILURE,RADIO_TTY_SET,HF,,,,,,,,,,VSWR too high.,Improper antenna installation,Inspect antenna installation,Correct antenna installation,,FM24-19.pdf
FM24_033,HW_FAILURE,CABLE_CONNECTION_FAILURE,RADIO_TTY_SET,HF,,,,,,,,,,Radio tuning procedure cannot be accomplished.,Loose or improper cable connections,Inspect cable connections,Reconnect cables,,FM24-19.pdf
FM24_034,HW_FAILURE,FUSE_FAILURE,RADIO_TTY_SET,HF,,,,,,,,,,Radio tuning procedure cannot be accomplished.,Blown RT-662/GRC fuse,Inspect fuse,Replace fuse,,FM24-19.pdf
FM24_035,HW_FAILURE,AMPLIFIER_FAILURE,RADIO_TTY_SET,HF,,,,,,,,,,Radio tuning procedure cannot be accomplished; low power output.,Amplifier defective,Check amplifier,Repair/replace amplifier through maintenance,,FM24-19.pdf
FM24_036,LINK_DOWN,REMOTE_FIELD_WIRING_FAILURE,RADIO_TTY_SET,HF,,,,,,,,,,No loop current.,Remote field wiring fault,Check field wiring,Repair field wiring,,FM24-19.pdf
FM24_037,HW_FAILURE,POWER_LAMP_FAILURE,RADIO_SET,HF,,,,,,,,,,Power lamp does not light.,Power failure,Perform AN/GRC-213 equipment performance check,Check power source and unit requiring maintenance,,FM24-19.pdf
FM24_038,HW_FAILURE,TUNE_FAULT,RADIO_SET,HF,,,,,,,,,,"Continuous, rapid beeping in the handset indicates the radio has failed to tune properly.",Radio failed to tune properly,Press and release handset PTT; listen for 1-kHz tune tone,Refer to troubleshooting procedures or organization maintenance,,FM24-19.pdf
FM24_039,HW_FAILURE,TUNE_TIMEOUT,RADIO_SET,HF,,,,,,,,,,Tune tone does not terminate within 12 seconds.,Automatic antenna tuner fault,Observe tuning duration after PTT activation,Refer to troubleshooting procedure,,FM24-19.pdf
FM24_040,LINK_DOWN,NO_TRANSMIT_CONFIRMATION,RADIO_SET,HF,,,,,,,,,,No sidetone in handset earpiece.,Transmission not satisfactory,Press PTT and listen for sidetone,Check transmit path,,FM24-19.pdf
FM24_041,HW_FAILURE,LOW_VEHICLE_BATTERY,RADIO_SET,HF,,,,,,,,,,Clicking sound indicates low vehicle battery voltage.,Vehicle battery voltage 20 volts or less,Check vehicle battery condition,Start vehicle before operation and keep running,,FM24-19.pdf
FM24_042,HW_FAILURE,NO_ANTENNA_CONNECTION,RADIO_SET,HF,,,,,,,,,,Radio operated without antenna may cause serious damage.,Antenna not installed or connected,Check antenna installation and connection,Install and connect antenna before operation,,FM24-19.pdf
FM24_043,HW_FAILURE,GROUND_CONNECTION_FAILURE,RADIO_SET,HF,,,,,,,,,,Improper radio grounding.,Ground straps not connected properly,Check grounding straps and vehicle ground connection,Reconnect ground straps correctly,,FM24-19.pdf
FM24_044,HW_FAILURE,EXTERNAL_POWER_FAILURE,RADIO_SET,HF,,,,,,,,,,Radio fails when powered from external supply.,External power supply fault,Check 24 to 32 VDC supply,Restore correct DC power supply,,FM24-19.pdf
FM24_045,HW_FAILURE,AUDIO_OUTPUT_FAILURE,RADIO_SET,HF,,,,,,,,,,External speaker audio abnormal.,Amplifier/power supply audio function fault,Check AM-7152/GRC-213 operation,Maintenance required if abnormal,,FM24-19.pdf
FM24_046,SW_CONFIG,WRONG_MODE,RADIO_SET,HF,,,,,,,,,,Radio does not operate as expected after frequency setup.,Incorrect operating mode selected,Check MODE and SIDEBAND switch settings,Set correct operating mode,,FM24-19.pdf
FM24_047,SW_CONFIG,WRONG_FREQUENCY,RADIO_SET,HF,,,,,,,,,,Unable to communicate on assigned net.,Incorrect frequency setting,Check frequency setting against SOI,Set assigned operating frequency,,FM24-19.pdf
FM24_048,HW_FAILURE,ANTENNA_TUNER_FAILURE,RADIO_SET,HF,,,,,,,,,,Continuous rapid beeping after tuning attempt.,Automatic antenna tuner failed,Perform tuning check,Refer to troubleshooting or maintenance,,FM24-19.pdf
FM24_049,HW_FAILURE,NO_RECEIVE_AUDIO,RADIO_SET,HF,,,,,,,,,,No incoming signal heard.,Receiver/audio path fault,"Check handset, volume and squelch",Perform troubleshooting procedure,,FM24-19.pdf
FM24_050,HW_FAILURE,SQUELCH_FAILURE,RADIO_SET,HF,,,,,,,,,,Unable to eliminate background noise or receive signal correctly.,Improper squelch adjustment,Adjust SQUELCH control,Set squelch correctly,,FM24-19.pdf
FM24_051,LINK_DOWN,NO_RADIO_CONTACT,RADIO_LINK,HF,,,,,,,,,,Unable to communicate with another radio set.,Radio link unavailable,Perform radio communication check,"Check frequency, mode, antenna and operating procedure",,FM24-19.pdf
FM24_052,HW_FAILURE,SIDETONE_FAILURE,RADIO_SET,HF,,,,,,,,,,No sidetone indicates transmission is not satisfactory.,Transmit path fault,Press PTT and monitor handset sidetone,Troubleshoot transmitter path,,FM24-19.pdf
FM24_053,HW_FAILURE,TUNE_FAULT,RADIO_SET,HF,,,,,,,,,,"Continuous, rapid beeping in the handset indicates failure of the radio to properly tune.",Radio failed to tune properly,Press and release handset PTT switch; listen for tune tone,Refer to troubleshooting procedures or organization maintenance,,FM24-19.pdf
FM24_054,HW_FAILURE,TUNE_TIMEOUT,RADIO_SET,HF,,,,,,,,,,Tune tone should terminate within 12 seconds.,Automatic antenna tuner fault,Observe tuning duration after PTT operation,Troubleshoot antenna tuner,,FM24-19.pdf
FM24_055,HW_FAILURE,WEAK_BATTERY,RADIO_SET,HF,,,,,,,,,,A clicking sound is heard.,Battery voltage 20 volts or less,Check battery condition,Replace or recharge battery,,FM24-19.pdf
FM24_056,HW_FAILURE,LOW_VEHICLE_VOLTAGE,RADIO_SET,HF,,,,,,,,,,Clicking sound during operation.,Vehicle battery voltage low,Check vehicle power source,Start vehicle before operation and keep running,,FM24-19.pdf
FM24_057,LINK_DOWN,NO_SIDETONE,RADIO_SET,HF,,,,,,,,,,Sidetone in handset earpiece indicates transmission is satisfactory. Absence indicates transmit problem.,Transmission not satisfactory,Press PTT and monitor sidetone,Check transmitter path,,FM24-19.pdf
FM24_058,LINK_DOWN,NO_CONTACT,RADIO_LINK,HF,,,,,,,,,,Unable to communicate with another radio set.,Incorrect operating condition or radio fault,"Check frequency, mode, antenna and operation",Correct operating setup or troubleshoot radio,,FM24-19.pdf
FM24_059,HW_FAILURE,ANTENNA_MISSING,RADIO_SET,HF,,,,,,,,,,Operating radio without antenna may cause serious damage.,Antenna not installed or connected,Inspect antenna connection,Install and connect antenna,,FM24-19.pdf
FM24_060,HW_FAILURE,GROUND_FAULT,RADIO_SET,HF,,,,,,,,,,Improper grounding of radio set.,Ground straps not connected properly,Inspect ground straps,Reconnect ground straps,,FM24-19.pdf
FM24_061,HW_FAILURE,EXTERNAL_POWER_FAULT,RADIO_SET,HF,,,,,,,,,,Radio does not operate from external power.,External DC supply fault,Measure external supply condition,Restore 24-32 VDC supply,,FM24-19.pdf
FM24_062,SW_CONFIG,MODE_CONFIGURATION_ERROR,RADIO_SET,HF,,,,,,,,,,Radio does not communicate after setup.,Incorrect MODE switch setting,Check MODE switch position,Select correct mode,,FM24-19.pdf
FM24_063,SW_CONFIG,SIDEBAND_CONFIGURATION_ERROR,RADIO_SET,HF,,,,,,,,,,Unable to communicate on assigned net.,Incorrect SIDEBAND setting,Check USB/LSB selection,Set correct sideband,,FM24-19.pdf
FM24_064,SW_CONFIG,FREQUENCY_CONFIGURATION_ERROR,RADIO_SET,HF,,,,,,,,,,Unable to communicate with station.,Incorrect operating frequency,Compare frequency with SOI,Set assigned frequency,,FM24-19.pdf
FM24_065,HW_FAILURE,SQUELCH_FAILURE,RADIO_SET,HF,,,,,,,,,,Background noise prevents reception.,Incorrect squelch adjustment,Adjust squelch control,Set squelch correctly,,FM24-19.pdf
FM24_066,HW_FAILURE,AUDIO_LEVEL_FAILURE,RADIO_SET,HF,,,,,,,,,,Incoming signal cannot be heard clearly.,Audio gain/volume setting problem,Adjust audio controls,Set comfortable listening level,,FM24-19.pdf
FM24_067,HW_FAILURE,POWER_SOURCE_FAILURE,RADIO_SET,HF,,,,,,,,,,Power lamp does not indicate normal operation.,Power source problem,Check power source and indicators,Restore power source,,FM24-19.pdf
FM24_068,HW_FAILURE,ANTENNA_TUNER_FAILURE,RADIO_SET,HF,,,,,,,,,,Radio fails to complete tuning sequence.,Automatic antenna tuner fault,Perform tuning procedure,Maintenance required if tuning fails,,FM24-19.pdf
FM24_069,HW_FAILURE,RECEIVER_AUDIO_FAILURE,RADIO_SET,HF,,,,,,,,,,No received audio heard.,Receiver/audio path fault,Check handset and controls,Perform troubleshooting procedure,,FM24-19.pdf
FM24_070,LINK_DOWN,RADIO_CHECK_FAILURE,RADIO_LINK,HF,,,,,,,,,,Radio check cannot be completed.,Communication path unavailable,Verify operating frequency and radio setup,Restore communication link,,FM24-19.pdf
FM24_071,LINK_DOWN,SECURE_MODE_FAILURE,RADIO_SYSTEM,HF,,,,,,,,,,Communication malfunction occurs while operating in SECURE mode.,Possible security equipment fault,Convert shelter operation to NONSECURE mode and observe,"If malfunction disappears, troubleshoot security equipment",,FM24-19.pdf
FM24_072,LINK_DOWN,DUPLEX_MODE_FAILURE,RADIO_SYSTEM,HF,,,,,,,,,,Communication problem occurs during DUPLEX operation.,Duplex equipment related fault,Turn off duplex equipment to isolate problem,Locate affected shelter component,,FM24-19.pdf
FM24_073,SW_CONFIG,IMPROPER_SWITCH_SETTING,RADIO_SYSTEM,HF,,,,,,,,,,Equipment malfunction after setup.,Improper switch position,Check all switch positions before troubleshooting,Correct switch settings,,FM24-19.pdf
FM24_074,HW_FAILURE,CABLE_INTERCONNECTION_FAILURE,RADIO_SYSTEM,HF,,,,,,,,,,Equipment does not operate after connection.,Incorrect or faulty cable connection,Use signal cabling diagrams to locate connections,Correct cable connection,,FM24-19.pdf
FM24_075,HW_FAILURE,RADIO_NOT_TUNED,RADIO_SYSTEM,HF,,,,,,,,,,Communication failure after troubleshooting begins.,Radio set not properly tuned,Verify radio tuning procedure,Tune radio set correctly,,FM24-19.pdf
FM24_076,HW_FAILURE,AN_GRC106_UNIT_FAILURE,RADIO_SYSTEM,HF,,,,,,,,,,AN/GRC-122/142 fault localized to radio unit.,AN/GRC-106 fault,Use troubleshooting chart to isolate unit,Refer to AN/GRC-106 maintenance procedure,,FM24-19.pdf
FM24_077,HW_FAILURE,MD522_UNIT_FAILURE,RADIO_SYSTEM,HF,,,,,,,,,,AN/GRC-122/142 fault localized to MD-522/GRC.,MD-522/GRC fault,Use troubleshooting chart to isolate unit,Refer to MD-522/GRC maintenance procedure,,FM24-19.pdf
FM24_078,LINK_DOWN,NO_SIGNAL_PATH,RADIO_SYSTEM,HF,,,,,,,,,,Signal path failure between interconnected units.,Interconnection problem,Trace signal cabling diagram,Repair signal path connection,,FM24-19.pdf
FM24_079,HW_FAILURE,GENERATOR_SYSTEM_FAILURE,RADIO_SYSTEM,HF,,,,,,,,,,Radio troubleshooting results abnormal.,Vehicular generating system not operating correctly,Verify generator system condition,Repair generator system before radio troubleshooting,,FM24-19.pdf
FM24_080,HW_FAILURE,POWER_DISTRIBUTION_FAILURE,RADIO_SYSTEM,HF,,,,,,,,,,Power distribution panel abnormal indication.,Power distribution problem,Check power switches and indicators,Restore normal power distribution,,FM24-19.pdf
FM24_081,HW_FAILURE,INVERTER_FAILURE,RADIO_SYSTEM,HF,,,,,,,,,,OWR or DX inverter does not operate correctly.,Inverter fault,Check inverter operation,Perform inverter troubleshooting,,FM24-19.pdf
FM24_082,HW_FAILURE,SHELTER_POWER_FAILURE,RADIO_SYSTEM,HF,,,,,,,,,,Shelter equipment does not operate normally.,Shelter component fault,Check shelter systems,Repair affected shelter component,,FM24-19.pdf
FM24_083,LINK_DOWN,RADIO_TELETYPE_FAILURE,RADIO_TTY_SET,HF,,,,,,,,,,Radio teletypewriter communication fails.,Radio/TTY path fault,Check AN/GRC-106 and MD-522/GRC units,Isolate faulty unit,,FM24-19.pdf
FM24_084,SW_CONFIG,SECURE_NONSECURE_MODE_MISMATCH,RADIO_SYSTEM,HF,,,,,,,,,,Communication failure only in secure mode.,Security mode mismatch or security equipment problem,Change to nonsecure mode for comparison,Correct security configuration,,FM24-19.pdf
FM24_085,HW_FAILURE,OPERATOR_CONFIGURATION_ERROR,RADIO_SYSTEM,HF,,,,,,,,,,Troubleshooting cannot identify hardware fault.,Equipment not preset properly,Verify presets before troubleshooting,Preset equipment correctly,,FM24-19.pdf
FM24_086,HW_FAILURE,ANTENNA_CONNECTION_FAILURE,RADIO_SET,HF,,,,,,,,,,"Whip antenna is not in operating position, not properly connected, or obstructed.",Antenna connection problem,Inspect antenna position and connection,Install antenna correctly and remove obstruction,,FM24-19.pdf
FM24_087,HW_FAILURE,AIR_FLOW_FAILURE,RADIO_SET,HF,,,,,,,,,,AM-3349/GRC-106 blower indication abnormal.,Blocked air inlet/outlet or blower problem,Check air inlet and outlet vents,Remove obstruction or maintenance required,,FM24-19.pdf
FM24_088,HW_FAILURE,PRIMARY_VOLTAGE_ABNORMAL,RADIO_SET,HF,,,,,,,,,,TEST METER PRIM VOLT indication abnormal.,Primary voltage abnormal,Check AM-3349/GRC-106 TEST METER,Correct power source or maintenance required,,FM24-19.pdf
FM24_089,HW_FAILURE,LOW_VOLTAGE_INDICATION,RADIO_SET,HF,,,,,,,,,,TEST METER LOW VOLT indication outside green area.,Low voltage condition,Check LOW VOLT meter indication,Troubleshoot power supply,,FM24-19.pdf
FM24_090,HW_FAILURE,HIGH_VOLTAGE_INDICATION,RADIO_SET,HF,,,,,,,,,,TEST METER HIGH VOLT indication outside green area.,High voltage condition,Check HIGH VOLT meter indication,Troubleshoot power supply,,FM24-19.pdf
FM24_091,HW_FAILURE,DRIVE_CURRENT_ABNORMAL,RADIO_SET,HF,,,,,,,,,,TEST METER DRIVE CUR indication abnormal.,Drive circuit abnormal,Check DRIVE CUR indication,Maintenance required,,FM24-19.pdf
FM24_092,HW_FAILURE,GRID_DRIVE_ABNORMAL,RADIO_SET,HF,,,,,,,,,,TEST METER GRID DRIVE indication abnormal.,Grid drive abnormal,Check GRID DRIVE indication,Maintenance required,,FM24-19.pdf
FM24_093,HW_FAILURE,PA_CURRENT_ABNORMAL,RADIO_SET,HF,,,,,,,,,,TEST METER PA CUR indication abnormal.,Power amplifier current abnormal,Check PA CUR indication,Maintenance required,,FM24-19.pdf
FM24_094,HW_FAILURE,POWER_OUTPUT_ABNORMAL,RADIO_SET,HF,,,,,,,,,,TEST METER POWER OUT indication abnormal.,Power output abnormal,Check POWER OUT indication,Maintenance required,,FM24-19.pdf
FM24_095,HW_FAILURE,ANT_TUNE_FAILURE,RADIO_SET,HF,,,,,,,,,,ANT TUNE meter cannot be centered during tuning.,Antenna tuning problem,Adjust ANT TUNE and ANT LOAD controls,Repeat tuning procedure or maintenance,,FM24-19.pdf
FM24_096,HW_FAILURE,ANT_LOAD_FAILURE,RADIO_SET,HF,,,,,,,,,,ANT LOAD meter cannot be centered during tuning.,Antenna loading problem,Adjust ANT LOAD control,Repeat tuning procedure or maintenance,,FM24-19.pdf
FM24_097,HW_FAILURE,HIGH_VOLTAGE_RESET_FAILURE,RADIO_SET,HF,,,,,,,,,,HV RESET switch remains in TUNE longer than allowed.,Extended tuning condition,Return HV RESET to OPERATE and cool equipment,Allow cooling period before retuning,,FM24-19.pdf
FM24_098,HW_FAILURE,TRANSMITTER_DAMAGE_RISK,RADIO_SET,HF,,,,,,,,,,Equipment operation without proper antenna loading.,Antenna loading abnormal,Verify antenna connected before tuning,Install antenna and perform proper tuning,,FM24-19.pdf
FM24_099,LINK_DOWN,TTY_COMMUNICATION_FAILURE,RADIO_TTY_SYSTEM,HF,,,,,,,,,,Radio teletypewriter communication cannot be established.,Communication path failure,Check AN/GRC-106 and MD-522/GRC path,Isolate failed unit,,FM24-19.pdf
FM24_100,HW_FAILURE,CONTROL_BOX_FAILURE,RADIO_TTY_SYSTEM,HF,,,,,,,,,,AN/VSC-3 operation abnormal.,Control box or associated equipment fault,Check control box indicators and switches,Correct switch settings or maintenance required,,FM24-19.pdf
FM24_101,HW_FAILURE,INVERTER_OPERATION_FAILURE,RADIO_TTY_SYSTEM,HF,,,,,,,,,,Inverter does not operate correctly.,Inverter fault,Check inverter circuit breakers and operation,Troubleshoot inverter,,FM24-19.pdf
FM24_102,HW_FAILURE,SHELTER_COMPONENT_FAILURE,RADIO_TTY_SYSTEM,HF,,,,,,,,,,Shelter system malfunction affects radio operation.,Shelter component fault,Isolate shelter component,Repair affected component,,FM24-19.pdf
FM24_103,LINK_DOWN,SECURE_LINK_FAILURE,RADIO_TTY_SYSTEM,HF,,,,,,,,,,Problem occurs only during SECURE mode operation.,Security equipment problem,Change to NONSECURE mode and compare operation,Troubleshoot security equipment,,FM24-19.pdf
FM24_104,SW_CONFIG,MODE_SELECTION_ERROR,RADIO_SET,HF,,,,,,,,,,Radio operates incorrectly after mode selection.,Incorrect mode selection,Verify operating mode,Select correct mode,,FM24-19.pdf
FM24_105,SW_CONFIG,FREQUENCY_SETUP_ERROR,RADIO_SET,HF,,,,,,,,,,Communication unavailable after frequency setup.,Incorrect frequency setting,Verify assigned frequency,Correct frequency setting,,FM24-19.pdf
FM24_106,HW_FAILURE,RECEIVER_OPERATION_FAILURE,RADIO_SET,HF,,,,,,,,,,Receiver does not operate normally.,Receiver unit fault,Perform receiver operational check,Refer to higher maintenance,,FM24-19.pdf
FM24_107,HW_FAILURE,TRANSMITTER_OPERATION_FAILURE,RADIO_SET,HF,,,,,,,,,,Transmitter does not operate normally.,Transmitter unit fault,Perform transmitter operational check,Refer to higher maintenance,,FM24-19.pdf
FM24_108,HW_FAILURE,POWER_SUPPLY_FAILURE,RADIO_SET,HF,,,,,,,,,,Radio set loses power during operation.,Power supply fault,Check power input and indicators,Restore power supply,,FM24-19.pdf
FM24_109,HW_FAILURE,CONTROL_BOX_FAILURE,RADIO_SYSTEM,HF,,,,,,,,,,Control box indicators abnormal.,Control box fault,Check control box switches and indicators,Maintenance required,,FM24-19.pdf
FM24_110,HW_FAILURE,INVERTER_NOT_RUNNING,RADIO_SYSTEM,HF,,,,,,,,,,Inverter does not operate.,Inverter fault,Check inverter breaker and operation,Troubleshoot inverter,,FM24-19.pdf
FM24_111,HW_FAILURE,MAIN_POWER_FAILURE,RADIO_SYSTEM,HF,,,,,,,,,,Main power indicator does not illuminate.,Main power fault,Check main breaker and supply,Restore main power,,FM24-19.pdf
FM24_112,HW_FAILURE,DC_VOLTAGE_ABNORMAL,RADIO_SYSTEM,HF,,,,,,,,,,DC voltmeter indication abnormal.,DC distribution problem,Check DC distribution panel,Correct DC supply fault,,FM24-19.pdf
FM24_113,LINK_DOWN,TTY_LINK_FAILURE,RADIO_TTY_SYSTEM,HF,,,,,,,,,,Teletypewriter communication cannot be completed.,TTY communication path fault,Check radio and TTY equipment chain,Isolate failed equipment,,FM24-19.pdf
FM24_114,HW_FAILURE,MODEM_OPERATION_FAILURE,RADIO_TTY_SYSTEM,HF,,,,,,,,,,TTY operation abnormal.,Modem fault,Check modem settings and indicators,Maintenance required,,FM24-19.pdf
FM24_115,SW_CONFIG,SECURE_CONFIGURATION_ERROR,RADIO_SYSTEM,HF,,,,,,,,,,Communication failure in SECURE mode.,Security equipment/configuration problem,Switch to NONSECURE mode for isolation,Correct security configuration or maintain security equipment,,FM24-19.pdf
FM24_116,SW_CONFIG,VOICE_TTY_SWITCH_ERROR,RADIO_TTY_SYSTEM,HF,,,,,,,,,,TTY operation cannot start.,VOICE-CW/TTY switch incorrect,Check switch position,Set correct operating mode,,FM24-19.pdf
FM24_117,SW_CONFIG,LOCAL_REMOTE_SWITCH_ERROR,RADIO_TTY_SYSTEM,HF,,,,,,,,,,Remote/local operation failure.,LOCAL-REMOTE switch incorrect,Check switch setting,Set correct position,,FM24-19.pdf
FM24_118,HW_FAILURE,CABLE_ROUTING_ERROR,RADIO_SYSTEM,HF,,,,,,,,,,Equipment does not operate after installation.,Incorrect cabling,Check cabling diagrams,Correct cable connections,,FM24-19.pdf
FM24_119,HW_FAILURE,AUDIO_ACCESSORY_FAILURE,RADIO_SET,HF,,,,,,,,,,No audio through connected accessory.,Handset/microphone/telegraph key fault,Check audio accessory connection,Replace or reconnect accessory,,FM24-19.pdf
FM24_120,LINK_DOWN,WEAK_SIGNAL_OPERATION,RADIO_LINK,HF,,,,,,,,,,Received signal insufficient for operation.,Weak received signal,"Check antenna, frequency and receiver settings",Correct operating condition,,FM24-19.pdf
ARRL_001,HW_FAILURE,NO_POWER,RADIO_EQUIPMENT,HF,,,,,,,,,,Nothing happens when the radio is turned on.,Power supply problem; equipment power failure,"Check power source, fuses and connections",Restore power connection or repair power supply,,ARRL_Troubleshooting_Your_Radio_Equipment.pdf
ARRL_002,HW_FAILURE,BLOWN_FUSE,RADIO_EQUIPMENT,HF,,,,,,,,,,Equipment suddenly stops working.,Open fuse or power supply failure,Check fuse and power circuit,Replace fuse and locate cause if fuse fails again,,ARRL_Troubleshooting_Your_Radio_Equipment.pdf
ARRL_003,HW_FAILURE,LOOSE_CONNECTION,RADIO_EQUIPMENT,HF,,,,,,,,,,Intermittent operation.,Loose connector or wiring problem,Inspect connectors and cables,Reconnect or repair connection,,ARRL_Troubleshooting_Your_Radio_Equipment.pdf
ARRL_004,HW_FAILURE,NO_RECEIVE_AUDIO,RADIO_EQUIPMENT,HF,,,,,,,,,,No sound from speaker.,Receiver audio chain fault,Check audio path and speaker output,Repair audio path,,ARRL_Troubleshooting_Your_Radio_Equipment.pdf
ARRL_005,LINK_DOWN,NO_RECEIVED_SIGNAL,RADIO_EQUIPMENT,HF,,,,,,,,,,No signals heard.,Receiver failure or antenna problem,"Check antenna, receiver controls and connections",Correct antenna or receiver problem,,ARRL_Troubleshooting_Your_Radio_Equipment.pdf
ARRL_006,HW_FAILURE,LOW_RECEIVER_SENSITIVITY,RADIO_EQUIPMENT,HF,,,,,,,,,,Low sensitivity.,Semiconductor degradation; circuit contamination; weak tube; alignment problem,Check receiver stages,Repair or realign receiver,,ARRL_Troubleshooting_Your_Radio_Equipment.pdf
ARRL_007,HW_FAILURE,WEAK_SIGNAL_RECEIVE,RADIO_EQUIPMENT,HF,,,,,,,,,,Signals heard weakly with low S-meter readings.,RF chain problem,Check RF chain,Repair RF chain,,ARRL_Troubleshooting_Your_Radio_Equipment.pdf
ARRL_008,HW_FAILURE,AUDIO_CHAIN_FAILURE,RADIO_EQUIPMENT,HF,,,,,,,,,,Strong signals with low audio output.,AF chain or detector fault,Check audio frequency chain,Repair AF chain or detector,,ARRL_Troubleshooting_Your_Radio_Equipment.pdf
ARRL_009,HW_FAILURE,RECEIVER_HISSING_ONLY,RADIO_EQUIPMENT,HF,,,,,,,,,,"No signals or calibrator heard, only hissing.",RF oscillator problem,Check RF oscillator stages,Repair oscillator section,,ARRL_Troubleshooting_Your_Radio_Equipment.pdf
ARRL_010,HW_FAILURE,RECEIVER_DISTORTION,RADIO_EQUIPMENT,HF,,,,,,,,,,Distortion on strong signals only.,AGC fault,Check AGC operation,Repair AGC circuit,,ARRL_Troubleshooting_Your_Radio_Equipment.pdf
ARRL_011,HW_FAILURE,DIFFICULT_TUNING,RADIO_EQUIPMENT,HF,,,,,,,,,,Difficult tuning.,Receiver alignment or tuning circuit fault,Check tuning circuits,Align or repair tuning circuit,,ARRL_Troubleshooting_Your_Radio_Equipment.pdf
ARRL_012,LINK_DOWN,NO_TRANSMIT_OUTPUT,RADIO_EQUIPMENT,HF,,,,,,,,,,Low or no transmitted output.,Incorrect control settings; carrier oscillator failure; transistor/tube failure; SWR protection circuit,Check transmitter settings and output stage,Correct settings or repair transmitter,,ARRL_Troubleshooting_Your_Radio_Equipment.pdf
ARRL_013,HW_FAILURE,LOSS_OF_MODULATION,RADIO_EQUIPMENT,HF,,,,,,,,,,Loss of modulation.,Broken microphone/PTT/power cable; open audio chain; defective modulator,"Check microphone, PTT and modulation chain",Repair cable or modulator,,ARRL_Troubleshooting_Your_Radio_Equipment.pdf
ARRL_014,HW_FAILURE,TRANSMIT_DISTORTION,RADIO_EQUIPMENT,HF,,,,,,,,,,Distortion on transmit.,Defective microphone; RF feedback; modulator imbalance; improper bias; excessive drive,Check microphone and transmitter stages,Correct transmitter fault,,ARRL_Troubleshooting_Your_Radio_Equipment.pdf
ARRL_015,HW_FAILURE,KEY_CLICKS,RADIO_EQUIPMENT,HF,,,,,,,,,,Key clicks.,Keying filter fault or distortion after keying stage,Check keying circuit,Repair keying circuit,,ARRL_Troubleshooting_Your_Radio_Equipment.pdf
ARRL_016,HW_FAILURE,ARCING,RADIO_EQUIPMENT,HF,,,,,,,,,,Arcing in transmitter.,"Dampness, dirt, improper lead dress",Inspect transmitter high voltage areas,Clean and correct wiring,,ARRL_Troubleshooting_Your_Radio_Equipment.pdf
ARRL_017,HW_FAILURE,POOR_SWR,RADIO_EQUIPMENT,HF,,,,,,,,,,Poor SWR.,Damaged antenna element; matching network; feed line; balun failure; poor connection,Measure SWR and inspect antenna system,Repair antenna/feedline system,,ARRL_Troubleshooting_Your_Radio_Equipment.pdf
ARRL_018,EMI,RF_INTERFERENCE,RADIO_EQUIPMENT,HF,,,,,,,,,,Radio frequency interference observed.,Arcing or poor connections in antenna system or nearby conductors,Disconnect antenna and isolate interference source,Install filtering/chokes or repair source,,ARRL_Troubleshooting_Your_Radio_Equipment.pdf
ARRL_019,HW_FAILURE,ANTENNA_FEEDLINE_FAILURE,RADIO_EQUIPMENT,HF,,,,,,,,,,Antenna system does not perform correctly.,Feed line failure or antenna damage,Inspect antenna and feedline,Repair damaged antenna/feedline,,ARRL_Troubleshooting_Your_Radio_Equipment.pdf
ARRL_020,HW_FAILURE,BALUN_FAILURE,RADIO_EQUIPMENT,HF,,,,,,,,,,Excessive SWR.,Balun failure,Inspect balun and antenna system,Replace failed balun,,ARRL_Troubleshooting_Your_Radio_Equipment.pdf
ARRL_021,HW_FAILURE,RECEIVER_NOISE_ONLY,RADIO_EQUIPMENT,HF,,,,,,,,,,"No signals or calibrator heard, only hissing.",RF oscillator failure,Use signal tracing to locate failed receiver stage,Repair oscillator section,,ARRL_Troubleshooting_Your_Radio_Equipment.pdf
ARRL_022,HW_FAILURE,LOW_SENSITIVITY,RADIO_EQUIPMENT,HF,,,,,,,,,,Low sensitivity.,Semiconductor degradation; circuit contamination; weak tube; alignment problem,Check receiver sensitivity and alignment,Repair affected receiver circuit,,ARRL_Troubleshooting_Your_Radio_Equipment.pdf
ARRL_023,HW_FAILURE,RF_CHAIN_FAILURE,RADIO_EQUIPMENT,HF,,,,,,,,,,Signals and calibrator heard weakly with low S-meter readings.,RF chain fault,Trace RF signal path,Repair RF amplifier or RF stage,,ARRL_Troubleshooting_Your_Radio_Equipment.pdf
ARRL_024,HW_FAILURE,AF_CHAIN_FAILURE,RADIO_EQUIPMENT,HF,,,,,,,,,,Strong signals with high S-meter readings but weak audio.,AF chain or detector fault,Check audio amplifier and detector stages,Repair AF chain,,ARRL_Troubleshooting_Your_Radio_Equipment.pdf
ARRL_025,HW_FAILURE,AGC_FAILURE,RADIO_EQUIPMENT,HF,,,,,,,,,,Distortion on strong signals only.,AGC fault,Check AGC circuit operation,Repair AGC circuit,,ARRL_Troubleshooting_Your_Radio_Equipment.pdf
ARRL_026,HW_FAILURE,TUNING_FAILURE,RADIO_EQUIPMENT,HF,,,,,,,,,,Difficult tuning.,Receiver alignment or tuning circuit problem,Check tuning controls and circuits,Realign or repair tuning circuit,,ARRL_Troubleshooting_Your_Radio_Equipment.pdf
ARRL_027,HW_FAILURE,AM_AUDIO_DISTORTION,RADIO_EQUIPMENT,HF,,,,,,,,,,AM weak and distorted.,Receiver detector or audio problem,Check AM detection and audio stages,Repair affected stage,,ARRL_Troubleshooting_Your_Radio_Equipment.pdf
ARRL_028,HW_FAILURE,CW_SSB_FAILURE,RADIO_EQUIPMENT,HF,,,,,,,,,,CW/SSB unintelligible.,Receiver mode/detector fault,Check mode circuitry,Repair or align receiver,,ARRL_Troubleshooting_Your_Radio_Equipment.pdf
ARRL_029,HW_FAILURE,FM_DISTORTION,RADIO_EQUIPMENT,HF,,,,,,,,,,FM distorted.,FM detector or IF fault,Check FM detector path,Repair detector or IF stage,,ARRL_Troubleshooting_Your_Radio_Equipment.pdf
ARRL_030,HW_FAILURE,NO_OUTPUT_POWER,RADIO_EQUIPMENT,HF,,,,,,,,,,Low output power.,Incorrect control settings; carrier oscillator failure; transistor/tube failure; SWR protection activation,Check transmitter controls and output stage,Correct settings or repair transmitter,,ARRL_Troubleshooting_Your_Radio_Equipment.pdf
ARRL_031,HW_FAILURE,TRANSMITTER_OSCILLATOR_FAILURE,RADIO_EQUIPMENT,HF,,,,,,,,,,No RF output from transmitter.,Carrier oscillator failure,Check oscillator output,Repair oscillator stage,,ARRL_Troubleshooting_Your_Radio_Equipment.pdf
ARRL_032,HW_FAILURE,FINAL_AMPLIFIER_FAILURE,RADIO_EQUIPMENT,HF,,,,,,,,,,Low transmit output.,Transistor or tube failure,Check final amplifier stage,Replace failed device,,ARRL_Troubleshooting_Your_Radio_Equipment.pdf
ARRL_033,HW_FAILURE,SWR_PROTECTION_TRIGGER,RADIO_EQUIPMENT,HF,,,,,,,,,,Transmitter output reduced or shuts down.,High SWR causing protection activation,Measure antenna system SWR,Repair antenna/matching problem,,ARRL_Troubleshooting_Your_Radio_Equipment.pdf
ARRL_034,HW_FAILURE,MICROPHONE_FAILURE,RADIO_EQUIPMENT,HF,,,,,,,,,,Loss of modulation.,Broken microphone or PTT cable,Test microphone and PTT,Replace microphone or cable,,ARRL_Troubleshooting_Your_Radio_Equipment.pdf
ARRL_035,HW_FAILURE,PTT_FAILURE,RADIO_EQUIPMENT,HF,,,,,,,,,,Cannot transmit voice.,Push-to-talk switch or cable failure,Check PTT operation,Repair or replace PTT assembly,,ARRL_Troubleshooting_Your_Radio_Equipment.pdf
ARRL_036,HW_FAILURE,MODULATOR_FAILURE,RADIO_EQUIPMENT,HF,,,,,,,,,,Loss of modulation with working microphone.,Modulator failure,Check modulation chain,Repair modulator,,ARRL_Troubleshooting_Your_Radio_Equipment.pdf
ARRL_037,HW_FAILURE,RF_FEEDBACK,RADIO_EQUIPMENT,HF,,,,,,,,,,Distorted transmitted audio.,RF feedback into audio circuits,Check grounding and shielding,Improve RF isolation,,ARRL_Troubleshooting_Your_Radio_Equipment.pdf
ARRL_038,HW_FAILURE,IMPROPER_BIAS,RADIO_EQUIPMENT,HF,,,,,,,,,,Transmit distortion.,Incorrect amplifier bias,Measure amplifier bias,Adjust or repair bias circuit,,ARRL_Troubleshooting_Your_Radio_Equipment.pdf
ARRL_039,HW_FAILURE,EXCESSIVE_DRIVE,RADIO_EQUIPMENT,HF,,,,,,,,,,Transmitter distortion.,Excessive drive level,Check drive control,Reduce drive level,,ARRL_Troubleshooting_Your_Radio_Equipment.pdf
ARRL_040,HW_FAILURE,KEYING_PROBLEM,RADIO_EQUIPMENT,HF,,,,,,,,,,Key clicks on transmitted signal.,Keying filter or keying circuit problem,Inspect keying circuit,Repair keying circuit,,ARRL_Troubleshooting_Your_Radio_Equipment.pdf
ARRL_041,HW_FAILURE,ANTENNA_OPEN_CIRCUIT,RADIO_EQUIPMENT,HF,,,,,,,,,,Antenna system does not operate correctly.,Open circuit in antenna element or feed system,Inspect antenna and measure continuity,Repair antenna element or connection,,ARRL_Troubleshooting_Your_Radio_Equipment.pdf
ARRL_042,HW_FAILURE,FEEDLINE_FAILURE,RADIO_EQUIPMENT,HF,,,,,,,,,,Poor antenna performance with normal radio operation.,Feed line failure,Test feed line with known good load,Replace damaged feed line,,ARRL_Troubleshooting_Your_Radio_Equipment.pdf
ARRL_043,HW_FAILURE,COAX_CONNECTOR_FAILURE,RADIO_EQUIPMENT,HF,,,,,,,,,,Intermittent antenna operation.,Damaged or poor coax connector,Inspect connector condition,Replace connector,,ARRL_Troubleshooting_Your_Radio_Equipment.pdf
ARRL_044,HW_FAILURE,WATER_IN_COAX,RADIO_EQUIPMENT,HF,,,,,,,,,,Strange SWR readings varying with frequency.,Water intrusion into coax,Inspect cable for moisture,Replace damaged cable,,ARRL_Troubleshooting_Your_Radio_Equipment.pdf
ARRL_045,HW_FAILURE,CORRODED_CONNECTION,RADIO_EQUIPMENT,HF,,,,,,,,,,High resistance or intermittent operation.,Corrosion at antenna/feed connection,Inspect connections visually,Clean or replace connection,,ARRL_Troubleshooting_Your_Radio_Equipment.pdf
ARRL_046,HW_FAILURE,BALUN_DAMAGE,RADIO_EQUIPMENT,HF,,,,,,,,,,High SWR or antenna mismatch.,Failed balun,Test antenna system components,Replace balun,,ARRL_Troubleshooting_Your_Radio_Equipment.pdf
ARRL_047,HW_FAILURE,MATCHING_NETWORK_FAILURE,RADIO_EQUIPMENT,HF,,,,,,,,,,Cannot obtain normal antenna match.,Antenna matching network fault,Check matching network operation,Repair matching network,,ARRL_Troubleshooting_Your_Radio_Equipment.pdf
ARRL_048,HW_FAILURE,ANTENNA_ELEMENT_DAMAGE,RADIO_EQUIPMENT,HF,,,,,,,,,,Reduced signal strength and poor SWR.,Damaged antenna element,Inspect antenna structure,Repair or replace element,,ARRL_Troubleshooting_Your_Radio_Equipment.pdf
ARRL_049,HW_FAILURE,FEEDLINE_LOSS,RADIO_EQUIPMENT,HF,,,,,,,,,,Transmit power appears low at antenna.,High feedline loss,Measure feedline loss,Replace poor feedline,,ARRL_Troubleshooting_Your_Radio_Equipment.pdf
ARRL_050,HW_FAILURE,RF_JUMPER_FAILURE,RADIO_EQUIPMENT,HF,,,,,,,,,,Radio works into dummy load but not antenna.,Faulty RF jumper cable,Replace jumper with known-good cable,Replace defective jumper,,ARRL_Troubleshooting_Your_Radio_Equipment.pdf
ARRL_051,EMI,POWER_LINE_INTERFERENCE,RADIO_EQUIPMENT,HF,,,,,,,,,,Continuous buzzing or frying sound across frequencies.,Power-line noise source,Disconnect antenna and compare noise level; locate source,Repair interfering device or utility source,,ARRL_Troubleshooting_Your_Radio_Equipment.pdf
ARRL_052,EMI,SWITCHING_POWER_SUPPLY_NOISE,RADIO_EQUIPMENT,HF,,,,,,,,,,Broadband noise increases on receiver.,Switching power supply interference,Turn suspected devices off and observe receiver,Replace/filter noisy supply,,ARRL_Troubleshooting_Your_Radio_Equipment.pdf
ARRL_053,EMI,LED_LIGHT_INTERFERENCE,RADIO_EQUIPMENT,HF,,,,,,,,,,Radio interference after installation of lighting equipment.,LED lighting RFI source,Disable lighting device and compare,Replace or filter lighting device,,ARRL_Troubleshooting_Your_Radio_Equipment.pdf
ARRL_054,EMI,ELECTRICAL_DEVICE_RFI,RADIO_EQUIPMENT,HF,,,,,,,,,,Receiver noise from nearby electrical equipment.,Electronic device generating RF noise,Turn devices off individually to locate source,"Remove, replace or filter device",,ARRL_Troubleshooting_Your_Radio_Equipment.pdf
ARRL_055,EMI,COMMON_MODE_INTERFERENCE,RADIO_EQUIPMENT,HF,,,,,,,,,,Equipment malfunction caused by RF entering external cables.,Common-mode RF current,Inspect cables and grounding,Install filtering/chokes/shielding,,ARRL_Troubleshooting_Your_Radio_Equipment.pdf
ARRL_056,EMI,LOCAL_NOISE_SOURCE,RADIO_EQUIPMENT,HF,,,,,,,,,,Noise disappears when local equipment is switched off.,Nearby interference source,Perform isolation test,Remove local noise source,,ARRL_Troubleshooting_Your_Radio_Equipment.pdf
ARRL_057,EMI,EXTERNAL_RFI_SOURCE,RADIO_EQUIPMENT,HF,,,,,,,,,,Interference remains after local equipment shutdown.,External RFI source,Perform direction finding/location tests,Locate and eliminate source,,ARRL_Troubleshooting_Your_Radio_Equipment.pdf
ARRL_058,EMI,INTERMITTENT_RFI,RADIO_EQUIPMENT,HF,,,,,,,,,,Interference appears intermittently.,Intermittent electrical device or connection,Record occurrence pattern and correlate with devices,Repair source device,,ARRL_Troubleshooting_Your_Radio_Equipment.pdf
ARRL_059,EMI,HARMONIC_INTERFERENCE,RADIO_EQUIPMENT,HF,,,,,,,,,,Noise appears on multiple bands.,Harmonic emissions from interference source,Compare affected frequencies,Suppress source emissions,,ARRL_Troubleshooting_Your_Radio_Equipment.pdf
ARRL_060,EMI,RECEIVER_OVERLOAD,RADIO_EQUIPMENT,HF,,,,,,,,,,Receiver performance degraded by strong nearby signal.,Strong RF signal overload,Insert filtering/attenuation and test,Reduce overload or add filtering,,ARRL_Troubleshooting_Your_Radio_Equipment.pdf
ARRL_061,HW_FAILURE,POWER_SUPPLY_RIPPLE,RADIO_EQUIPMENT,HF,,,,,,,,,,Receiver noise increases with power supply operation.,Poor filtering or defective power supply,Operate radio from alternate clean supply,Repair or replace power supply,,ARRL_Troubleshooting_Your_Radio_Equipment.pdf
ARRL_062,HW_FAILURE,DC_POWER_FAILURE,RADIO_EQUIPMENT,HF,,,,,,,,,,Radio shuts down during operation.,DC supply interruption or battery failure,Measure supply voltage during operation,Repair supply path or replace battery,,ARRL_Troubleshooting_Your_Radio_Equipment.pdf
ARRL_063,HW_FAILURE,AC_POWER_INTERFERENCE,RADIO_EQUIPMENT,HF,,,,,,,,,,Hum appears in received audio.,AC power coupling into audio system,Check grounding and power connections,Improve grounding/filtering,,ARRL_Troubleshooting_Your_Radio_Equipment.pdf
ARRL_064,HW_FAILURE,GROUND_LOOP,RADIO_EQUIPMENT,HF,,,,,,,,,,Audio hum or noise.,Ground loop between equipment,Disconnect equipment grounds one at a time,Correct grounding arrangement,,ARRL_Troubleshooting_Your_Radio_Equipment.pdf
ARRL_065,HW_FAILURE,OVERHEATING,RADIO_EQUIPMENT,HF,,,,,,,,,,Output power decreases after operation.,Poor ventilation or component overheating,Check airflow and temperature,Improve cooling or replace failed component,,ARRL_Troubleshooting_Your_Radio_Equipment.pdf
ARRL_066,HW_FAILURE,THERMAL_PROTECTION,RADIO_EQUIPMENT,HF,,,,,,,,,,Transmitter reduces or stops output.,Thermal protection activation,Check temperature and duty cycle,Allow cooling and correct cause,,ARRL_Troubleshooting_Your_Radio_Equipment.pdf
ARRL_067,HW_FAILURE,PA_FAILURE,RADIO_EQUIPMENT,HF,,,,,,,,,,No or low RF output.,Power amplifier failure,Measure transmitter stages,Repair power amplifier,,ARRL_Troubleshooting_Your_Radio_Equipment.pdf
ARRL_068,HW_FAILURE,DRIVER_STAGE_FAILURE,RADIO_EQUIPMENT,HF,,,,,,,,,,Low RF output before final amplifier.,Driver amplifier failure,Check driver stage output,Repair driver stage,,ARRL_Troubleshooting_Your_Radio_Equipment.pdf
ARRL_069,HW_FAILURE,RF_SWITCH_FAILURE,RADIO_EQUIPMENT,HF,,,,,,,,,,Transmit/receive switching abnormal.,T/R switch failure,Check switching circuit,Repair T/R switch,,ARRL_Troubleshooting_Your_Radio_Equipment.pdf
ARRL_070,HW_FAILURE,RELAY_FAILURE,RADIO_EQUIPMENT,HF,,,,,,,,,,Intermittent transmit/receive switching.,Relay contact failure,Inspect relay contacts,Replace relay,,ARRL_Troubleshooting_Your_Radio_Equipment.pdf
ARRL_071,EMI,SPURIOUS_EMISSION,RADIO_EQUIPMENT,HF,,,,,,,,,,Transmitter causes interference to other receivers.,Transmitter generates unwanted emissions,Check transmitter spectrum,Repair transmitter filtering,,ARRL_Troubleshooting_Your_Radio_Equipment.pdf
ARRL_072,EMI,HARMONIC_OUTPUT,RADIO_EQUIPMENT,HF,,,,,,,,,,Interference occurs on harmonic frequencies.,Poor output filtering,Check low-pass filter and spectrum,Repair or replace filter,,ARRL_Troubleshooting_Your_Radio_Equipment.pdf
ARRL_073,EMI,FUNDAMENTAL_OVERLOAD,RADIO_EQUIPMENT,HF,,,,,,,,,,Nearby receiver becomes unusable during transmission.,Strong RF overload,Insert attenuation/filtering test,Add filtering or reduce overload,,ARRL_Troubleshooting_Your_Radio_Equipment.pdf
ARRL_074,EMI,COMMON_MODE_CURRENT,RADIO_EQUIPMENT,HF,,,,,,,,,,External equipment affected by RF transmission.,RF current flowing on external cables,Check cable currents and grounding,Install common-mode choke/filter,,ARRL_Troubleshooting_Your_Radio_Equipment.pdf
ARRL_075,EMI,SHIELDING_FAILURE,RADIO_EQUIPMENT,HF,,,,,,,,,,RF interference enters connected equipment.,Poor shielding,Inspect cable shields and enclosure,Improve shielding,,ARRL_Troubleshooting_Your_Radio_Equipment.pdf
ARRL_076,EMI,FERRITE_FILTER_FAILURE,RADIO_EQUIPMENT,HF,,,,,,,,,,Interference remains on external cables.,Insufficient suppression filtering,Add/remove ferrite suppression test,Install suitable ferrite/choke,,ARRL_Troubleshooting_Your_Radio_Equipment.pdf
ARRL_077,LINK_DOWN,DIGITAL_INTERFACE_FAILURE,RADIO_EQUIPMENT,HF,,,,,,,,,,Digital communication fails while radio operates normally.,Interface connection/configuration problem,Check interface cables and settings,Correct interface configuration,,ARRL_Troubleshooting_Your_Radio_Equipment.pdf
ARRL_078,LINK_DOWN,DATA_CONNECTION_FAILURE,RADIO_EQUIPMENT,HF,,,,,,,,,,Data transmission unavailable.,External data interface fault,Check modem/interface path,Repair data interface path,,ARRL_Troubleshooting_Your_Radio_Equipment.pdf
ARRL_079,SW_CONFIG,INCORRECT_RADIO_SETTING,RADIO_EQUIPMENT,HF,,,,,,,,,,Communication cannot be established.,Incorrect operating configuration,"Verify frequency, mode and controls",Correct radio configuration,,ARRL_Troubleshooting_Your_Radio_Equipment.pdf
ARRL_080,SW_CONFIG,BAND_CONFIGURATION_ERROR,RADIO_EQUIPMENT,HF,,,,,,,,,,Poor or no communication on selected band.,Incorrect band selection/setup,Verify operating band,Select correct configuration,,ARRL_Troubleshooting_Your_Radio_Equipment.pdf
ROM_001,LINK_DOWN,NO_CONTACT_WITH_STATION,RADIO_LINK,HF,,,,,,,,,,Unable to establish communication with another station.,Incorrect operating conditions or unavailable radio path,"Verify frequency, mode, antenna and call procedure",Correct operating parameters and retry communication,,Radio_Operators_Training_Manual.pdf
ROM_002,LINK_DOWN,NO_RECEIVED_SIGNAL,RADIO_LINK,HF,,,,,,,,,,No signal received from expected station.,Weak propagation or incorrect frequency,Check frequency assignment and listen for signals,Correct frequency or improve antenna condition,,Radio_Operators_Training_Manual.pdf
ROM_003,LINK_DOWN,INTERMITTENT_LINK,RADIO_LINK,HF,,,,,,,,,,Communication is intermittent.,Unstable propagation or interference,Monitor link quality over time,Change frequency/time or improve antenna,,Radio_Operators_Training_Manual.pdf
ROM_004,LINK_DOWN,LONG_DISTANCE_FAILURE,RADIO_LINK,HF,,,,,,,,,,Station cannot communicate over expected distance.,Insufficient signal level,Check antenna system and propagation conditions,Use proper antenna and operating frequency,,Radio_Operators_Training_Manual.pdf
ROM_005,LINK_DOWN,WRONG_NET_ACCESS,RADIO_LINK,HF,,,,,,,,,,Cannot join assigned radio net.,Wrong network procedure or frequency,Verify net instructions,Follow assigned net procedure,,Radio_Operators_Training_Manual.pdf
ROM_006,LINK_DOWN,CALL_SETUP_FAILURE,RADIO_LINK,HF,,,,,,,,,,Calling procedure does not establish communication.,Incorrect call sequence,Verify radio operating procedure,Repeat correct call procedure,,Radio_Operators_Training_Manual.pdf
ROM_007,LINK_DOWN,EXCESSIVE_NOISE_LINK_FAILURE,RADIO_LINK,HF,,,,,,,,,,Signal cannot be understood because of noise.,Low signal-to-noise ratio,Monitor receiver noise level,Move frequency or improve antenna,,Radio_Operators_Training_Manual.pdf
ROM_008,LINK_DOWN,RECEIVE_ONLY_FAILURE,RADIO_LINK,HF,,,,,,,,,,One station can transmit but cannot receive reply.,Receiver path or antenna problem,Check receiving equipment,Repair receiver path or antenna,,Radio_Operators_Training_Manual.pdf
ROM_009,LINK_DOWN,TRANSMIT_ONLY_FAILURE,RADIO_LINK,HF,,,,,,,,,,Station receives but cannot transmit successfully.,Transmit path problem,Check transmitter output and antenna,Repair transmitter path,,Radio_Operators_Training_Manual.pdf
ROM_010,LINK_DOWN,LINK_TIMEOUT,RADIO_LINK,HF,,,,,,,,,,Communication attempt times out.,No response from remote station,Verify remote station availability,Restore communication parameters,,Radio_Operators_Training_Manual.pdf
ROM_011,SW_CONFIG,FREQUENCY_MISMATCH,RADIO_SET,HF,,,,,,,,,,Stations cannot communicate despite normal equipment operation.,Different operating frequencies,Compare frequency settings,Set identical assigned frequency,,Radio_Operators_Training_Manual.pdf
ROM_012,SW_CONFIG,MODE_MISMATCH,RADIO_SET,HF,,,,,,,,,,No intelligible communication.,Different operating modes,Check AM/FM/SSB mode settings,Select matching mode,,Radio_Operators_Training_Manual.pdf
ROM_013,SW_CONFIG,SIDEBAND_MISMATCH,RADIO_SET,HF,,,,,,,,,,Voice signal cannot be understood.,USB/LSB mismatch,Verify sideband selection,Set matching sideband,,Radio_Operators_Training_Manual.pdf
ROM_014,SW_CONFIG,BAND_SELECTION_ERROR,RADIO_SET,HF,,,,,,,,,,Radio operates but cannot communicate.,Incorrect band selected,Check operating band,Select assigned band,,Radio_Operators_Training_Manual.pdf
ROM_015,SW_CONFIG,CHANNEL_CONFIGURATION_ERROR,RADIO_SET,HF,,,,,,,,,,Preset channel does not work.,Incorrect channel parameters,Review channel programming,Reload correct channel data,,Radio_Operators_Training_Manual.pdf
ROM_016,SW_CONFIG,DATA_RATE_MISMATCH,RADIO_DATA_LINK,HF,,,,,,,,,,Data communication cannot be established.,Different data rate settings,Check terminal and radio settings,Set matching data rate,,Radio_Operators_Training_Manual.pdf
ROM_017,SW_CONFIG,PROTOCOL_MISMATCH,RADIO_DATA_LINK,HF,,,,,,,,,,Data link fails while RF link exists.,Different communication protocol,Check modem/protocol configuration,Configure compatible protocol,,Radio_Operators_Training_Manual.pdf
ROM_018,SW_CONFIG,ENCRYPTION_PARAMETER_MISMATCH,RADIO_LINK,HF,,,,,,,,,,Encrypted communication cannot be established.,Different encryption parameters,Verify crypto configuration,Load matching encryption parameters,,Radio_Operators_Training_Manual.pdf
ROM_019,SW_CONFIG,FREQUENCY_HOPPING_SYNC_FAILURE,RADIO_LINK,HF,,,,,,,,,,Frequency hopping radios cannot communicate.,Different hop set or synchronization data,Verify hopping parameters,Synchronize hop configuration,,Radio_Operators_Training_Manual.pdf
ROM_020,SW_CONFIG,NETWORK_ID_ERROR,RADIO_LINK,HF,,,,,,,,,,Radio cannot access assigned network.,Incorrect network identifier,Check network ID,Configure correct network ID,,Radio_Operators_Training_Manual.pdf
ROM_021,LINK_DOWN,REMOTE_STATION_UNREACHABLE,RADIO_LINK,HF,,,,,,,,,,Unable to contact remote station.,Remote station unavailable or incorrect operating information,Confirm remote station status and assigned parameters,Restore correct operating information,,Radio_Operators_Training_Manual.pdf
ROM_022,LINK_DOWN,NO_NET_TRAFFIC,RADIO_LINK,HF,,,,,,,,,,No traffic heard on assigned net.,Wrong net frequency or inactive network,Monitor assigned channel,Verify net assignment,,Radio_Operators_Training_Manual.pdf
ROM_023,LINK_DOWN,WEAK_SIGNAL_AT_RECEIVER,RADIO_LINK,HF,,,,,,,,,,Received signal too weak for reliable communication.,Propagation loss or insufficient antenna performance,Check antenna and propagation conditions,Improve antenna or select suitable frequency,,Radio_Operators_Training_Manual.pdf
ROM_024,LINK_DOWN,COMMUNICATION_BREAKUP,RADIO_LINK,HF,,,,,,,,,,Communication starts but breaks frequently.,Unstable RF path or interference,Monitor received signal quality,Change operating frequency or antenna,,Radio_Operators_Training_Manual.pdf
ROM_025,LINK_DOWN,ONE_WAY_COMMUNICATION,RADIO_LINK,HF,,,,,,,,,,One station receives but cannot return communication.,Transmit or receive path imbalance,Perform transmit and receive checks,Correct failed path,,Radio_Operators_Training_Manual.pdf
ROM_026,LINK_DOWN,EXCESSIVE_BIT_ERRORS,RADIO_DATA_LINK,HF,,,,,,,,,,Received data contains excessive errors.,Poor signal quality or incorrect configuration,Check signal quality and parameters,Improve RF conditions or correct configuration,,Radio_Operators_Training_Manual.pdf
ROM_027,LINK_DOWN,DATA_LINK_LOSS,RADIO_DATA_LINK,HF,,,,,,,,,,Data connection lost during operation.,RF link interruption,Check radio link continuity,Restore RF link,,Radio_Operators_Training_Manual.pdf
ROM_028,LINK_DOWN,HANDSHAKE_FAILURE,RADIO_DATA_LINK,HF,,,,,,,,,,Stations fail during connection establishment.,Protocol exchange failure,Check link parameters,Correct link configuration,,Radio_Operators_Training_Manual.pdf
ROM_029,LINK_DOWN,REMOTE_ACK_FAILURE,RADIO_DATA_LINK,HF,,,,,,,,,,No acknowledgement received from remote station.,Remote station not responding,Check remote configuration,Restore network communication,,Radio_Operators_Training_Manual.pdf
ROM_030,LINK_DOWN,LINK_DROP_AFTER_CONNECTION,RADIO_DATA_LINK,HF,,,,,,,,,,Connection established then immediately lost.,Unstable RF or configuration mismatch,Observe connection parameters,Correct RF or configuration issue,,Radio_Operators_Training_Manual.pdf
ROM_031,SW_CONFIG,WRONG_FREQUENCY_PRESET,RADIO_SET,HF,,,,,,,,,,Selected channel does not communicate.,Incorrect programmed frequency,Review preset channel data,Reload correct frequency,,Radio_Operators_Training_Manual.pdf
ROM_032,SW_CONFIG,INCORRECT_OFFSET_SETTING,RADIO_SET,HF,,,,,,,,,,Cannot communicate through configured channel.,Incorrect frequency offset,Check channel programming,Correct offset value,,Radio_Operators_Training_Manual.pdf
ROM_033,SW_CONFIG,WRONG_EMISSION_MODE,RADIO_SET,HF,,,,,,,,,,Signal received but unreadable.,Emission mode mismatch,Compare transmitter and receiver mode,Set same emission mode,,Radio_Operators_Training_Manual.pdf
ROM_034,SW_CONFIG,INCORRECT_BANDWIDTH_SETTING,RADIO_DATA_LINK,HF,,,,,,,,,,Data reception unreliable.,Different bandwidth configuration,Check radio bandwidth setting,Configure matching bandwidth,,Radio_Operators_Training_Manual.pdf
ROM_035,SW_CONFIG,MODEM_CONFIGURATION_ERROR,RADIO_DATA_LINK,HF,,,,,,,,,,Radio transmits but data link fails.,Incorrect modem parameters,Check modem configuration,Load correct modem parameters,,Radio_Operators_Training_Manual.pdf
ROM_036,SW_CONFIG,ADDRESS_CONFIGURATION_ERROR,RADIO_DATA_LINK,HF,,,,,,,,,,Data reaches network but wrong destination.,Incorrect station address,Verify station address,Correct address configuration,,Radio_Operators_Training_Manual.pdf
ROM_037,SW_CONFIG,KEY_LOAD_ERROR,RADIO_LINK,HF,,,,,,,,,,Secure communication cannot be completed.,Incorrect or missing key material,Check key loading status,Load correct keys,,Radio_Operators_Training_Manual.pdf
ROM_038,SW_CONFIG,CRYPTO_MODE_MISMATCH,RADIO_LINK,HF,,,,,,,,,,Secure radios cannot communicate.,Different crypto mode,Compare crypto settings,Configure matching crypto mode,,Radio_Operators_Training_Manual.pdf
ROM_039,SW_CONFIG,TIME_REFERENCE_ERROR,RADIO_LINK,HF,,,,,,,,,,Network synchronization fails.,Incorrect time reference,Check synchronization source,Restore correct time reference,,Radio_Operators_Training_Manual.pdf
ROM_040,SW_CONFIG,FREQUENCY_HOPSET_ERROR,RADIO_LINK,HF,,,,,,,,,,Frequency hopping operation fails.,Different hop set parameters,Compare hopping data,Load matching hop set,,Radio_Operators_Training_Manual.pdf
