case_id,fault_type,fault_subtype,object_type,device_class,symptom_ids,symptom_text,snr_db,ber,packet_loss_rate,delay_ms,throughput_kbps,device_selftest,root_cause,fault_component,diagnosis_steps,solution,repair_time_min,source_doc
FC-0001,HW_FAILURE,功率放大模块,DEVICE,VUHF,SY-0001;SY-0002,,,,,,,ALARM_PA,功放模块输出级晶体管击穿,功率放大模块,核对故障现象;读取设备自检码;测量链路指标;定位故障部件,更换功放模块,120,CONSTRUCTED
FC-0002,HW_FAILURE,天线馈线,DEVICE,HF,SY-0003,,,,,,,ALARM_PWR,天线馈线接头进水短路,天线馈线,核对故障现象;读取设备自检码;测量链路指标;定位故障部件,更换馈线及接头并做防水处理,15,CONSTRUCTED
FC-0003,HW_FAILURE,电源模块,DEVICE,VUHF,SY-0004,,,,,,,ALARM_VSWR,电源模块滤波电容失效,电源模块,核对故障现象;读取设备自检码;测量链路指标;定位故障部件,更换电源模块,20,CONSTRUCTED
FC-0004,HW_FAILURE,射频开关组件,DEVICE,HF,SY-0001;SY-0003,,,,,,,ALARM_PWR,射频继电器触点氧化,射频开关组件,核对故障现象;读取设备自检码;测量链路指标;定位故障部件,更换射频继电器,30,CONSTRUCTED
FC-0005,HW_FAILURE,频率合成模块,DEVICE,VUHF,SY-0001;SY-0002,,,,,,,ALARM_PA,合成器锁相环失锁,频率合成模块,核对故障现象;读取设备自检码;测量链路指标;定位故障部件,更换频率合成板,60,CONSTRUCTED
FC-0006,HW_FAILURE,功率放大模块,DEVICE,VUHF,SY-0003,,,,,,,FAULT_RF,功放模块输出级晶体管击穿,功率放大模块,核对故障现象;读取设备自检码;测量链路指标;定位故障部件,更换功放模块,20,CONSTRUCTED
FC-0007,HW_FAILURE,天线馈线,DEVICE,VUHF,SY-0004,,,,,,,ALARM_PWR,天线馈线接头进水短路,天线馈线,核对故障现象;读取设备自检码;测量链路指标;定位故障部件,更换馈线及接头并做防水处理,20,CONSTRUCTED
FC-0008,HW_FAILURE,电源模块,DEVICE,VUHF,SY-0001;SY-0003,,,,,,,ALARM_PA,电源模块滤波电容失效,电源模块,核对故障现象;读取设备自检码;测量链路指标;定位故障部件,更换电源模块,120,CONSTRUCTED
FC-0009,HW_FAILURE,射频开关组件,DEVICE,HF,SY-0001;SY-0002,,,,,,,ALARM_VSWR,射频继电器触点氧化,射频开关组件,核对故障现象;读取设备自检码;测量链路指标;定位故障部件,更换射频继电器,30,CONSTRUCTED
FC-0010,HW_FAILURE,频率合成模块,DEVICE,VUHF,SY-0003,,,,,,,ALARM_PWR,合成器锁相环失锁,频率合成模块,核对故障现象;读取设备自检码;测量链路指标;定位故障部件,更换频率合成板,30,CONSTRUCTED
FC-0011,HW_FAILURE,功率放大模块,DEVICE,VUHF,SY-0004,,,,,,,FAULT_RF,功放模块输出级晶体管击穿,功率放大模块,核对故障现象;读取设备自检码;测量链路指标;定位故障部件,更换功放模块,60,CONSTRUCTED
FC-0012,HW_FAILURE,天线馈线,DEVICE,HF,SY-0001;SY-0003,,,,,,,ALARM_PWR,天线馈线接头进水短路,天线馈线,核对故障现象;读取设备自检码;测量链路指标;定位故障部件,更换馈线及接头并做防水处理,15,CONSTRUCTED
FC-0013,HW_FAILURE,电源模块,DEVICE,VUHF,SY-0001;SY-0002,,,,,,,FAULT_RF,电源模块滤波电容失效,电源模块,核对故障现象;读取设备自检码;测量链路指标;定位故障部件,更换电源模块,30,CONSTRUCTED
FC-0014,HW_FAILURE,射频开关组件,DEVICE,HF,SY-0003,,,,,,,ALARM_PWR,射频继电器触点氧化,射频开关组件,核对故障现象;读取设备自检码;测量链路指标;定位故障部件,更换射频继电器,20,CONSTRUCTED
FC-0015,HW_FAILURE,频率合成模块,DEVICE,VUHF,SY-0004,,,,,,,ALARM_VSWR,合成器锁相环失锁,频率合成模块,核对故障现象;读取设备自检码;测量链路指标;定位故障部件,更换频率合成板,120,CONSTRUCTED
FC-0016,HW_FAILURE,功率放大模块,DEVICE,VUHF,SY-0001;SY-0003,,,,,,,FAULT_RF,功放模块输出级晶体管击穿,功率放大模块,核对故障现象;读取设备自检码;测量链路指标;定位故障部件,更换功放模块,60,CONSTRUCTED
FC-0017,HW_FAILURE,天线馈线,DEVICE,HF,SY-0001;SY-0002,,,,,,,ALARM_PA,天线馈线接头进水短路,天线馈线,核对故障现象;读取设备自检码;测量链路指标;定位故障部件,更换馈线及接头并做防水处理,120,CONSTRUCTED
FC-0018,HW_FAILURE,电源模块,DEVICE,VUHF,SY-0003,,,,,,,ALARM_PA,电源模块滤波电容失效,电源模块,核对故障现象;读取设备自检码;测量链路指标;定位故障部件,更换电源模块,20,CONSTRUCTED
FC-0019,HW_FAILURE,射频开关组件,DEVICE,VUHF,SY-0004,,,,,,,ALARM_VSWR,射频继电器触点氧化,射频开关组件,核对故障现象;读取设备自检码;测量链路指标;定位故障部件,更换射频继电器,20,CONSTRUCTED
FC-0020,HW_FAILURE,频率合成模块,DEVICE,HF,SY-0001;SY-0003,,,,,,,FAULT_RF,合成器锁相环失锁,频率合成模块,核对故障现象;读取设备自检码;测量链路指标;定位故障部件,更换频率合成板,120,CONSTRUCTED
FC-0021,HW_FAILURE,功率放大模块,DEVICE,HF,SY-0001;SY-0002,,,,,,,ALARM_PA,功放模块输出级晶体管击穿,功率放大模块,核对故障现象;读取设备自检码;测量链路指标;定位故障部件,更换功放模块,90,CONSTRUCTED
FC-0022,HW_FAILURE,天线馈线,DEVICE,VUHF,SY-0003,,,,,,,FAULT_RF,天线馈线接头进水短路,天线馈线,核对故障现象;读取设备自检码;测量链路指标;定位故障部件,更换馈线及接头并做防水处理,20,CONSTRUCTED
FC-0023,HW_FAILURE,电源模块,DEVICE,HF,SY-0004,,,,,,,ALARM_PWR,电源模块滤波电容失效,电源模块,核对故障现象;读取设备自检码;测量链路指标;定位故障部件,更换电源模块,45,CONSTRUCTED
FC-0024,HW_FAILURE,射频开关组件,DEVICE,HF,SY-0001;SY-0003,,,,,,,ALARM_VSWR,射频继电器触点氧化,射频开关组件,核对故障现象;读取设备自检码;测量链路指标;定位故障部件,更换射频继电器,120,CONSTRUCTED
FC-0025,HW_FAILURE,频率合成模块,DEVICE,VUHF,SY-0001;SY-0002,,,,,,,ALARM_PWR,合成器锁相环失锁,频率合成模块,核对故障现象;读取设备自检码;测量链路指标;定位故障部件,更换频率合成板,20,CONSTRUCTED
FC-0026,HW_FAILURE,功率放大模块,DEVICE,HF,SY-0003,,,,,,,ALARM_VSWR,功放模块输出级晶体管击穿,功率放大模块,核对故障现象;读取设备自检码;测量链路指标;定位故障部件,更换功放模块,120,CONSTRUCTED
FC-0027,HW_FAILURE,天线馈线,DEVICE,VUHF,SY-0004,,,,,,,FAULT_RF,天线馈线接头进水短路,天线馈线,核对故障现象;读取设备自检码;测量链路指标;定位故障部件,更换馈线及接头并做防水处理,60,CONSTRUCTED
FC-0028,HW_FAILURE,电源模块,DEVICE,VUHF,SY-0001;SY-0003,,,,,,,ALARM_PWR,电源模块滤波电容失效,电源模块,核对故障现象;读取设备自检码;测量链路指标;定位故障部件,更换电源模块,15,CONSTRUCTED
FC-0029,HW_FAILURE,射频开关组件,DEVICE,HF,SY-0001;SY-0002,,,,,,,ALARM_PWR,射频继电器触点氧化,射频开关组件,核对故障现象;读取设备自检码;测量链路指标;定位故障部件,更换射频继电器,120,CONSTRUCTED
FC-0030,HW_FAILURE,频率合成模块,DEVICE,HF,SY-0003,,,,,,,ALARM_PWR,合成器锁相环失锁,频率合成模块,核对故障现象;读取设备自检码;测量链路指标;定位故障部件,更换频率合成板,90,CONSTRUCTED
FC-0031,HW_FAILURE,功率放大模块,DEVICE,VUHF,SY-0004,,,,,,,ALARM_PA,功放模块输出级晶体管击穿,功率放大模块,核对故障现象;读取设备自检码;测量链路指标;定位故障部件,更换功放模块,60,CONSTRUCTED
FC-0032,HW_FAILURE,天线馈线,DEVICE,VUHF,SY-0001;SY-0003,,,,,,,ALARM_PA,天线馈线接头进水短路,天线馈线,核对故障现象;读取设备自检码;测量链路指标;定位故障部件,更换馈线及接头并做防水处理,90,CONSTRUCTED
FC-0033,HW_FAILURE,电源模块,DEVICE,VUHF,SY-0001;SY-0002,,,,,,,ALARM_VSWR,电源模块滤波电容失效,电源模块,核对故障现象;读取设备自检码;测量链路指标;定位故障部件,更换电源模块,60,CONSTRUCTED
FC-0034,HW_FAILURE,射频开关组件,DEVICE,HF,SY-0003,,,,,,,ALARM_VSWR,射频继电器触点氧化,射频开关组件,核对故障现象;读取设备自检码;测量链路指标;定位故障部件,更换射频继电器,90,CONSTRUCTED
FC-0035,HW_FAILURE,频率合成模块,DEVICE,HF,SY-0004,,,,,,,ALARM_PA,合成器锁相环失锁,频率合成模块,核对故障现象;读取设备自检码;测量链路指标;定位故障部件,更换频率合成板,45,CONSTRUCTED
FC-0036,HW_FAILURE,功率放大模块,DEVICE,HF,SY-0001;SY-0003,,,,,,,ALARM_PWR,功放模块输出级晶体管击穿,功率放大模块,核对故障现象;读取设备自检码;测量链路指标;定位故障部件,更换功放模块,15,CONSTRUCTED
FC-0037,HW_FAILURE,天线馈线,DEVICE,VUHF,SY-0001;SY-0002,,,,,,,ALARM_VSWR,天线馈线接头进水短路,天线馈线,核对故障现象;读取设备自检码;测量链路指标;定位故障部件,更换馈线及接头并做防水处理,30,CONSTRUCTED
FC-0038,HW_FAILURE,电源模块,DEVICE,VUHF,SY-0003,,,,,,,ALARM_PA,电源模块滤波电容失效,电源模块,核对故障现象;读取设备自检码;测量链路指标;定位故障部件,更换电源模块,120,CONSTRUCTED
FC-0039,HW_FAILURE,射频开关组件,DEVICE,VUHF,SY-0004,,,,,,,FAULT_RF,射频继电器触点氧化,射频开关组件,核对故障现象;读取设备自检码;测量链路指标;定位故障部件,更换射频继电器,60,CONSTRUCTED
FC-0040,HW_FAILURE,频率合成模块,DEVICE,HF,SY-0001;SY-0003,,,,,,,ALARM_PWR,合成器锁相环失锁,频率合成模块,核对故障现象;读取设备自检码;测量链路指标;定位故障部件,更换频率合成板,15,CONSTRUCTED
FC-0041,HW_FAILURE,功率放大模块,DEVICE,VUHF,SY-0001;SY-0002,,,,,,,ALARM_PA,功放模块输出级晶体管击穿,功率放大模块,核对故障现象;读取设备自检码;测量链路指标;定位故障部件,更换功放模块,20,CONSTRUCTED
FC-0042,HW_FAILURE,天线馈线,DEVICE,VUHF,SY-0003,,,,,,,ALARM_VSWR,天线馈线接头进水短路,天线馈线,核对故障现象;读取设备自检码;测量链路指标;定位故障部件,更换馈线及接头并做防水处理,20,CONSTRUCTED
FC-0043,HW_FAILURE,电源模块,DEVICE,HF,SY-0004,,,,,,,FAULT_RF,电源模块滤波电容失效,电源模块,核对故障现象;读取设备自检码;测量链路指标;定位故障部件,更换电源模块,20,CONSTRUCTED
FC-0044,HW_FAILURE,射频开关组件,DEVICE,HF,SY-0001;SY-0003,,,,,,,ALARM_PA,射频继电器触点氧化,射频开关组件,核对故障现象;读取设备自检码;测量链路指标;定位故障部件,更换射频继电器,90,CONSTRUCTED
FC-0045,HW_FAILURE,频率合成模块,DEVICE,VUHF,SY-0001;SY-0002,,,,,,,ALARM_VSWR,合成器锁相环失锁,频率合成模块,核对故障现象;读取设备自检码;测量链路指标;定位故障部件,更换频率合成板,90,CONSTRUCTED
FC-0046,HW_FAILURE,功率放大模块,DEVICE,VUHF,SY-0003,,,,,,,ALARM_VSWR,功放模块输出级晶体管击穿,功率放大模块,核对故障现象;读取设备自检码;测量链路指标;定位故障部件,更换功放模块,20,CONSTRUCTED
FC-0047,HW_FAILURE,天线馈线,DEVICE,VUHF,SY-0004,,,,,,,ALARM_PA,天线馈线接头进水短路,天线馈线,核对故障现象;读取设备自检码;测量链路指标;定位故障部件,更换馈线及接头并做防水处理,20,CONSTRUCTED
FC-0048,HW_FAILURE,电源模块,DEVICE,HF,SY-0001;SY-0003,,,,,,,ALARM_VSWR,电源模块滤波电容失效,电源模块,核对故障现象;读取设备自检码;测量链路指标;定位故障部件,更换电源模块,90,CONSTRUCTED
FC-0049,HW_FAILURE,射频开关组件,DEVICE,HF,SY-0001;SY-0002,,,,,,,ALARM_PA,射频继电器触点氧化,射频开关组件,核对故障现象;读取设备自检码;测量链路指标;定位故障部件,更换射频继电器,90,CONSTRUCTED
FC-0050,HW_FAILURE,频率合成模块,DEVICE,VUHF,SY-0003,,,,,,,FAULT_RF,合成器锁相环失锁,频率合成模块,核对故障现象;读取设备自检码;测量链路指标;定位故障部件,更换频率合成板,15,CONSTRUCTED
FC-0051,HW_FAILURE,功率放大模块,DEVICE,HF,SY-0004,,,,,,,ALARM_PWR,功放模块输出级晶体管击穿,功率放大模块,核对故障现象;读取设备自检码;测量链路指标;定位故障部件,更换功放模块,60,CONSTRUCTED
FC-0052,HW_FAILURE,天线馈线,DEVICE,VUHF,SY-0001;SY-0003,,,,,,,ALARM_PA,天线馈线接头进水短路,天线馈线,核对故障现象;读取设备自检码;测量链路指标;定位故障部件,更换馈线及接头并做防水处理,20,CONSTRUCTED
FC-0053,HW_FAILURE,电源模块,DEVICE,VUHF,SY-0001;SY-0002,,,,,,,ALARM_VSWR,电源模块滤波电容失效,电源模块,核对故障现象;读取设备自检码;测量链路指标;定位故障部件,更换电源模块,15,CONSTRUCTED
FC-0054,HW_FAILURE,射频开关组件,DEVICE,HF,SY-0003,,,,,,,ALARM_PA,射频继电器触点氧化,射频开关组件,核对故障现象;读取设备自检码;测量链路指标;定位故障部件,更换射频继电器,20,CONSTRUCTED
FC-0055,HW_FAILURE,频率合成模块,DEVICE,VUHF,SY-0004,,,,,,,FAULT_RF,合成器锁相环失锁,频率合成模块,核对故障现象;读取设备自检码;测量链路指标;定位故障部件,更换频率合成板,20,CONSTRUCTED
FC-0056,HW_FAILURE,功率放大模块,DEVICE,VUHF,SY-0001;SY-0003,,,,,,,ALARM_PA,功放模块输出级晶体管击穿,功率放大模块,核对故障现象;读取设备自检码;测量链路指标;定位故障部件,更换功放模块,30,CONSTRUCTED
FC-0057,HW_FAILURE,天线馈线,DEVICE,HF,SY-0001;SY-0002,,,,,,,ALARM_PWR,天线馈线接头进水短路,天线馈线,核对故障现象;读取设备自检码;测量链路指标;定位故障部件,更换馈线及接头并做防水处理,20,CONSTRUCTED
FC-0058,HW_FAILURE,电源模块,DEVICE,HF,SY-0003,,,,,,,ALARM_VSWR,电源模块滤波电容失效,电源模块,核对故障现象;读取设备自检码;测量链路指标;定位故障部件,更换电源模块,30,CONSTRUCTED
FC-0059,HW_FAILURE,射频开关组件,DEVICE,HF,SY-0004,,,,,,,ALARM_VSWR,射频继电器触点氧化,射频开关组件,核对故障现象;读取设备自检码;测量链路指标;定位故障部件,更换射频继电器,30,CONSTRUCTED
FC-0060,HW_FAILURE,频率合成模块,DEVICE,HF,SY-0001;SY-0003,,,,,,,FAULT_RF,合成器锁相环失锁,频率合成模块,核对故障现象;读取设备自检码;测量链路指标;定位故障部件,更换频率合成板,15,CONSTRUCTED
FC-0061,LINK_DOWN,无(链路),LINK,HF,SY-0005,,-4.38,7.52e+01,0.8658,569.5,0.0,LINK_LOSS,对端设备断电,无(链路),核对故障现象;读取设备自检码;测量链路指标;定位故障部件,恢复对端供电并重建链路,120,CONSTRUCTED
FC-0062,LINK_DOWN,无(链路),LINK,VUHF,SY-0006;SY-0008,,-4.92,1.08e+02,0.9014,589.2,0.0,LINK_LOSS,链路余量不足无法维持同步,无(链路),核对故障现象;读取设备自检码;测量链路指标;定位故障部件,提升发射功率或更换频点,30,CONSTRUCTED
FC-0063,LINK_DOWN,中继节点,LINK,VUHF,SY-0007,,-1.57,1.12e+01,0.9298,604.5,0.0,LINK_LOSS,中继节点失效导致链路中断,中继节点,核对故障现象;读取设备自检码;测量链路指标;定位故障部件,启用备份中继并切换路由,30,CONSTRUCTED
FC-0064,LINK_DOWN,天线系统,LINK,HF,SY-0005;SY-0007,,-4.21,6.71e+01,0.9498,636.8,0.0,LINK_LOSS,天线指向偏离,天线系统,核对故障现象;读取设备自检码;测量链路指标;定位故障部件,校正天线方位,45,CONSTRUCTED
FC-0065,LINK_DOWN,无(传播),LINK,VUHF,SY-0005,,0.37,3.02e+00,0.8516,563.1,0.0,NORMAL,传播条件恶化(电离层扰动),无(传播),核对故障现象;读取设备自检码;测量链路指标;定位故障部件,改用 NVIS 天线或降低工作频率,45,CONSTRUCTED
FC-0066,LINK_DOWN,无(链路),LINK,HF,SY-0006;SY-0008,,-4.65,9.03e+01,0.9491,624.3,0.0,NORMAL,对端设备断电,无(链路),核对故障现象;读取设备自检码;测量链路指标;定位故障部件,恢复对端供电并重建链路,45,CONSTRUCTED
FC-0067,LINK_DOWN,无(链路),LINK,VUHF,SY-0007,,-3.44,3.98e+01,0.8951,586.0,0.0,LINK_LOSS,链路余量不足无法维持同步,无(链路),核对故障现象;读取设备自检码;测量链路指标;定位故障部件,提升发射功率或更换频点,90,CONSTRUCTED
FC-0068,LINK_DOWN,中继节点,LINK,VUHF,SY-0005;SY-0007,,-7.29,5.40e+02,0.9259,602.2,0.0,LINK_LOSS,中继节点失效导致链路中断,中继节点,核对故障现象;读取设备自检码;测量链路指标;定位故障部件,启用备份中继并切换路由,30,CONSTRUCTED
FC-0069,LINK_DOWN,天线系统,LINK,HF,SY-0005,,-1.58,1.13e+01,0.9254,601.9,0.0,NORMAL,天线指向偏离,天线系统,核对故障现象;读取设备自检码;测量链路指标;定位故障部件,校正天线方位,90,CONSTRUCTED
FC-0070,LINK_DOWN,无(传播),LINK,HF,SY-0006;SY-0008,,-2.39,1.96e+01,0.9474,621.6,0.0,LINK_LOSS,传播条件恶化(电离层扰动),无(传播),核对故障现象;读取设备自检码;测量链路指标;定位故障部件,改用 NVIS 天线或降低工作频率,60,CONSTRUCTED
FC-0071,LINK_DOWN,无(链路),LINK,VUHF,SY-0007,,-4.28,7.03e+01,0.8675,576.2,0.0,LINK_LOSS,对端设备断电,无(链路),核对故障现象;读取设备自检码;测量链路指标;定位故障部件,恢复对端供电并重建链路,45,CONSTRUCTED
FC-0072,LINK_DOWN,无(链路),LINK,HF,SY-0005;SY-0007,,0.14,3.52e+00,0.9829,652.2,0.0,LINK_LOSS,链路余量不足无法维持同步,无(链路),核对故障现象;读取设备自检码;测量链路指标;定位故障部件,提升发射功率或更换频点,20,CONSTRUCTED
FC-0073,LINK_DOWN,中继节点,LINK,HF,SY-0005,,-7.85,7.89e+02,0.9664,645.8,0.0,LINK_LOSS,中继节点失效导致链路中断,中继节点,核对故障现象;读取设备自检码;测量链路指标;定位故障部件,启用备份中继并切换路由,120,CONSTRUCTED
FC-0074,LINK_DOWN,天线系统,LINK,HF,SY-0006;SY-0008,,-1.97,1.47e+01,0.8532,576.6,0.0,NORMAL,天线指向偏离,天线系统,核对故障现象;读取设备自检码;测量链路指标;定位故障部件,校正天线方位,20,CONSTRUCTED
FC-0075,LINK_DOWN,无(传播),LINK,VUHF,SY-0007,,-2.21,1.73e+01,0.8696,568.6,0.0,NORMAL,传播条件恶化(电离层扰动),无(传播),核对故障现象;读取设备自检码;测量链路指标;定位故障部件,改用 NVIS 天线或降低工作频率,15,CONSTRUCTED
FC-0076,LINK_DOWN,无(链路),LINK,HF,SY-0005;SY-0007,,-2.2,1.72e+01,0.9732,649.5,0.0,NORMAL,对端设备断电,无(链路),核对故障现象;读取设备自检码;测量链路指标;定位故障部件,恢复对端供电并重建链路,15,CONSTRUCTED
FC-0077,LINK_DOWN,无(链路),LINK,VUHF,SY-0005,,-0.74,6.40e+00,0.8998,594.4,0.0,NORMAL,链路余量不足无法维持同步,无(链路),核对故障现象;读取设备自检码;测量链路指标;定位故障部件,提升发射功率或更换频点,15,CONSTRUCTED
FC-0078,LINK_DOWN,中继节点,LINK,HF,SY-0006;SY-0008,,-6.18,2.55e+02,0.9748,649.4,0.0,NORMAL,中继节点失效导致链路中断,中继节点,核对故障现象;读取设备自检码;测量链路指标;定位故障部件,启用备份中继并切换路由,45,CONSTRUCTED
FC-0079,LINK_DOWN,天线系统,LINK,VUHF,SY-0007,,-7.08,4.68e+02,0.9976,658.9,0.0,NORMAL,天线指向偏离,天线系统,核对故障现象;读取设备自检码;测量链路指标;定位故障部件,校正天线方位,20,CONSTRUCTED
FC-0080,LINK_DOWN,无(传播),LINK,VUHF,SY-0005;SY-0007,,-3.08,3.12e+01,0.9666,639.5,0.0,NORMAL,传播条件恶化(电离层扰动),无(传播),核对故障现象;读取设备自检码;测量链路指标;定位故障部件,改用 NVIS 天线或降低工作频率,90,CONSTRUCTED
FC-0081,LINK_DOWN,无(链路),LINK,VUHF,SY-0005,,-3.7,4.75e+01,0.8911,590.0,0.0,NORMAL,对端设备断电,无(链路),核对故障现象;读取设备自检码;测量链路指标;定位故障部件,恢复对端供电并重建链路,20,CONSTRUCTED
FC-0082,LINK_DOWN,无(链路),LINK,VUHF,SY-0006;SY-0008,,-3.54,4.26e+01,0.9793,638.2,0.0,NORMAL,链路余量不足无法维持同步,无(链路),核对故障现象;读取设备自检码;测量链路指标;定位故障部件,提升发射功率或更换频点,60,CONSTRUCTED
FC-0083,LINK_DOWN,中继节点,LINK,HF,SY-0007,,-3.95,5.62e+01,0.908,595.3,0.0,NORMAL,中继节点失效导致链路中断,中继节点,核对故障现象;读取设备自检码;测量链路指标;定位故障部件,启用备份中继并切换路由,120,CONSTRUCTED
FC-0084,LINK_DOWN,天线系统,LINK,HF,SY-0005;SY-0007,,-4.19,6.62e+01,0.9351,608.2,0.0,NORMAL,天线指向偏离,天线系统,核对故障现象;读取设备自检码;测量链路指标;定位故障部件,校正天线方位,60,CONSTRUCTED
FC-0085,LINK_DOWN,无(传播),LINK,HF,SY-0005,,-6.3,2.76e+02,0.8587,578.2,0.0,LINK_LOSS,传播条件恶化(电离层扰动),无(传播),核对故障现象;读取设备自检码;测量链路指标;定位故障部件,改用 NVIS 天线或降低工作频率,15,CONSTRUCTED
FC-0086,LINK_DOWN,无(链路),LINK,VUHF,SY-0006;SY-0008,,1.77,1.17e+00,0.9845,638.8,0.0,NORMAL,对端设备断电,无(链路),核对故障现象;读取设备自检码;测量链路指标;定位故障部件,恢复对端供电并重建链路,20,CONSTRUCTED
FC-0087,LINK_DOWN,无(链路),LINK,VUHF,SY-0007,,-2.09,1.60e+01,0.9712,645.1,0.0,LINK_LOSS,链路余量不足无法维持同步,无(链路),核对故障现象;读取设备自检码;测量链路指标;定位故障部件,提升发射功率或更换频点,45,CONSTRUCTED
FC-0088,LINK_DOWN,中继节点,LINK,HF,SY-0005;SY-0007,,-7.58,6.57e+02,0.9309,610.2,0.0,LINK_LOSS,中继节点失效导致链路中断,中继节点,核对故障现象;读取设备自检码;测量链路指标;定位故障部件,启用备份中继并切换路由,120,CONSTRUCTED
FC-0089,LINK_DOWN,天线系统,LINK,VUHF,SY-0005,,-2.5,2.11e+01,0.947,620.2,0.0,NORMAL,天线指向偏离,天线系统,核对故障现象;读取设备自检码;测量链路指标;定位故障部件,校正天线方位,60,CONSTRUCTED
FC-0090,LINK_DOWN,无(传播),LINK,HF,SY-0006;SY-0008,,1.97,1.02e+00,0.8718,584.8,0.0,NORMAL,传播条件恶化(电离层扰动),无(传播),核对故障现象;读取设备自检码;测量链路指标;定位故障部件,改用 NVIS 天线或降低工作频率,20,CONSTRUCTED
FC-0091,LINK_DOWN,无(链路),LINK,VUHF,SY-0007,,-6.26,2.69e+02,0.8926,594.0,0.0,NORMAL,对端设备断电,无(链路),核对故障现象;读取设备自检码;测量链路指标;定位故障部件,恢复对端供电并重建链路,30,CONSTRUCTED
FC-0092,LINK_DOWN,无(链路),LINK,HF,SY-0005;SY-0007,,-1.56,1.11e+01,0.928,607.9,0.0,NORMAL,链路余量不足无法维持同步,无(链路),核对故障现象;读取设备自检码;测量链路指标;定位故障部件,提升发射功率或更换频点,120,CONSTRUCTED
FC-0093,LINK_DOWN,中继节点,LINK,HF,SY-0005,,0.8,2.25e+00,0.9287,619.4,0.0,NORMAL,中继节点失效导致链路中断,中继节点,核对故障现象;读取设备自检码;测量链路指标;定位故障部件,启用备份中继并切换路由,120,CONSTRUCTED
FC-0094,LINK_DOWN,天线系统,LINK,HF,SY-0006;SY-0008,,-7.62,6.75e+02,0.9507,631.4,0.0,NORMAL,天线指向偏离,天线系统,核对故障现象;读取设备自检码;测量链路指标;定位故障部件,校正天线方位,45,CONSTRUCTED
FC-0095,LINK_DOWN,无(传播),LINK,VUHF,SY-0007,,-4.64,8.97e+01,0.9446,628.9,0.0,NORMAL,传播条件恶化(电离层扰动),无(传播),核对故障现象;读取设备自检码;测量链路指标;定位故障部件,改用 NVIS 天线或降低工作频率,60,CONSTRUCTED
FC-0096,LINK_DOWN,无(链路),LINK,HF,SY-0005;SY-0007,,0.04,3.77e+00,0.9567,627.9,0.0,LINK_LOSS,对端设备断电,无(链路),核对故障现象;读取设备自检码;测量链路指标;定位故障部件,恢复对端供电并重建链路,45,CONSTRUCTED
FC-0097,LINK_DOWN,无(链路),LINK,VUHF,SY-0005,,-6.3,2.76e+02,0.9749,640.9,0.0,NORMAL,链路余量不足无法维持同步,无(链路),核对故障现象;读取设备自检码;测量链路指标;定位故障部件,提升发射功率或更换频点,60,CONSTRUCTED
FC-0098,LINK_DOWN,中继节点,LINK,HF,SY-0006;SY-0008,,-3.52,4.20e+01,0.8642,566.4,0.0,LINK_LOSS,中继节点失效导致链路中断,中继节点,核对故障现象;读取设备自检码;测量链路指标;定位故障部件,启用备份中继并切换路由,20,CONSTRUCTED
FC-0099,LINK_DOWN,天线系统,LINK,VUHF,SY-0007,,-4.06,6.06e+01,0.9334,606.9,0.0,NORMAL,天线指向偏离,天线系统,核对故障现象;读取设备自检码;测量链路指标;定位故障部件,校正天线方位,120,CONSTRUCTED
FC-0100,LINK_DOWN,无(传播),LINK,HF,SY-0005;SY-0007,,-6.54,3.25e+02,0.8655,580.9,0.0,LINK_LOSS,传播条件恶化(电离层扰动),无(传播),核对故障现象;读取设备自检码;测量链路指标;定位故障部件,改用 NVIS 天线或降低工作频率,15,CONSTRUCTED
FC-0101,LINK_DOWN,无(链路),LINK,VUHF,SY-0005,,-5.88,2.08e+02,0.8514,574.5,0.0,NORMAL,对端设备断电,无(链路),核对故障现象;读取设备自检码;测量链路指标;定位故障部件,恢复对端供电并重建链路,45,CONSTRUCTED
FC-0102,LINK_DOWN,无(链路),LINK,HF,SY-0006;SY-0008,,0.8,2.25e+00,0.886,591.6,0.0,NORMAL,链路余量不足无法维持同步,无(链路),核对故障现象;读取设备自检码;测量链路指标;定位故障部件,提升发射功率或更换频点,45,CONSTRUCTED
FC-0103,LINK_DOWN,中继节点,LINK,VUHF,SY-0007,,-2.23,1.75e+01,0.8858,580.0,0.0,NORMAL,中继节点失效导致链路中断,中继节点,核对故障现象;读取设备自检码;测量链路指标;定位故障部件,启用备份中继并切换路由,90,CONSTRUCTED
FC-0104,LINK_DOWN,天线系统,LINK,HF,SY-0005;SY-0007,,-5.86,2.05e+02,0.9317,624.2,0.0,NORMAL,天线指向偏离,天线系统,核对故障现象;读取设备自检码;测量链路指标;定位故障部件,校正天线方位,30,CONSTRUCTED
FC-0105,LINK_DOWN,无(传播),LINK,HF,SY-0005,,0.77,2.30e+00,0.9201,613.6,0.0,LINK_LOSS,传播条件恶化(电离层扰动),无(传播),核对故障现象;读取设备自检码;测量链路指标;定位故障部件,改用 NVIS 天线或降低工作频率,45,CONSTRUCTED
FC-0106,LINK_DOWN,无(链路),LINK,HF,SY-0006;SY-0008,,-1.88,1.38e+01,0.8613,577.1,0.0,NORMAL,对端设备断电,无(链路),核对故障现象;读取设备自检码;测量链路指标;定位故障部件,恢复对端供电并重建链路,15,CONSTRUCTED
FC-0107,LINK_DOWN,无(链路),LINK,HF,SY-0007,,-4.7,9.35e+01,0.9928,651.1,0.0,NORMAL,链路余量不足无法维持同步,无(链路),核对故障现象;读取设备自检码;测量链路指标;定位故障部件,提升发射功率或更换频点,15,CONSTRUCTED
FC-0108,LINK_DOWN,中继节点,LINK,VUHF,SY-0005;SY-0007,,1.04,1.92e+00,0.8663,580.9,0.0,LINK_LOSS,中继节点失效导致链路中断,中继节点,核对故障现象;读取设备自检码;测量链路指标;定位故障部件,启用备份中继并切换路由,120,CONSTRUCTED
FC-0109,LINK_DOWN,天线系统,LINK,HF,SY-0005,,-2.02,1.52e+01,0.9214,612.6,0.0,LINK_LOSS,天线指向偏离,天线系统,核对故障现象;读取设备自检码;测量链路指标;定位故障部件,校正天线方位,30,CONSTRUCTED
FC-0110,LINK_DOWN,无(传播),LINK,VUHF,SY-0006;SY-0008,,1.26,1.65e+00,0.9835,656.0,0.0,NORMAL,传播条件恶化(电离层扰动),无(传播),核对故障现象;读取设备自检码;测量链路指标;定位故障部件,改用 NVIS 天线或降低工作频率,60,CONSTRUCTED
FC-0111,LINK_DOWN,无(链路),LINK,HF,SY-0007,,-7.09,4.72e+02,0.8728,584.5,0.0,NORMAL,对端设备断电,无(链路),核对故障现象;读取设备自检码;测量链路指标;定位故障部件,恢复对端供电并重建链路,30,CONSTRUCTED
FC-0112,LINK_DOWN,无(链路),LINK,VUHF,SY-0005;SY-0007,,-3.68,4.68e+01,0.8803,575.3,0.0,NORMAL,链路余量不足无法维持同步,无(链路),核对故障现象;读取设备自检码;测量链路指标;定位故障部件,提升发射功率或更换频点,20,CONSTRUCTED
FC-0113,LINK_DOWN,中继节点,LINK,VUHF,SY-0005,,-6.68,3.57e+02,0.9971,653.0,0.0,LINK_LOSS,中继节点失效导致链路中断,中继节点,核对故障现象;读取设备自检码;测量链路指标;定位故障部件,启用备份中继并切换路由,20,CONSTRUCTED
FC-0114,LINK_DOWN,天线系统,LINK,HF,SY-0006;SY-0008,,-0.45,5.26e+00,0.8807,578.9,0.0,LINK_LOSS,天线指向偏离,天线系统,核对故障现象;读取设备自检码;测量链路指标;定位故障部件,校正天线方位,60,CONSTRUCTED
FC-0115,LINK_DOWN,无(传播),LINK,VUHF,SY-0007,,-3.02,3.00e+01,0.9189,611.8,0.0,LINK_LOSS,传播条件恶化(电离层扰动),无(传播),核对故障现象;读取设备自检码;测量链路指标;定位故障部件,改用 NVIS 天线或降低工作频率,120,CONSTRUCTED
FC-0116,LINK_DOWN,无(链路),LINK,HF,SY-0005;SY-0007,,-0.92,7.22e+00,0.9327,607.0,0.0,LINK_LOSS,对端设备断电,无(链路),核对故障现象;读取设备自检码;测量链路指标;定位故障部件,恢复对端供电并重建链路,15,CONSTRUCTED
FC-0117,LINK_DOWN,无(链路),LINK,HF,SY-0005,,-7.15,4.91e+02,0.9858,659.1,0.0,LINK_LOSS,链路余量不足无法维持同步,无(链路),核对故障现象;读取设备自检码;测量链路指标;定位故障部件,提升发射功率或更换频点,15,CONSTRUCTED
FC-0118,LINK_DOWN,中继节点,LINK,HF,SY-0006;SY-0008,,1.4,1.50e+00,0.9506,636.9,0.0,NORMAL,中继节点失效导致链路中断,中继节点,核对故障现象;读取设备自检码;测量链路指标;定位故障部件,启用备份中继并切换路由,60,CONSTRUCTED
FC-0119,LINK_DOWN,天线系统,LINK,VUHF,SY-0007,,1.55,1.36e+00,0.9697,642.9,0.0,LINK_LOSS,天线指向偏离,天线系统,核对故障现象;读取设备自检码;测量链路指标;定位故障部件,校正天线方位,30,CONSTRUCTED
FC-0120,LINK_DOWN,无(传播),LINK,VUHF,SY-0005;SY-0007,,-6.77,3.80e+02,0.8612,574.6,0.0,NORMAL,传播条件恶化(电离层扰动),无(传播),核对故障现象;读取设备自检码;测量链路指标;定位故障部件,改用 NVIS 天线或降低工作频率,45,CONSTRUCTED
FC-0121,SW_CONFIG,配置参数,DEVICE,VUHF,SY-0012,,92.11,1.00e-09,0.9629,640.9,2.37,CFG_MISMATCH,工作频率配置与对端不一致,配置参数,核对故障现象;读取设备自检码;测量链路指标;定位故障部件,按通联计划重新下发频率配置,45,CONSTRUCTED
FC-0122,SW_CONFIG,加密模块配置,DEVICE,VUHF,SY-0013,,26.62,5.74e-08,0.9322,614.3,4.34,CFG_MISMATCH,加密密钥版本不匹配,加密模块配置,核对故障现象;读取设备自检码;测量链路指标;定位故障部件,同步加密密钥版本,30,CONSTRUCTED
FC-0123,SW_CONFIG,跳频配置,DEVICE,HF,SY-0014,,31.64,1.92e-09,0.9445,626.9,0.27,NORMAL,跳频图案编号配置错误,跳频配置,核对故障现象;读取设备自检码;测量链路指标;定位故障部件,统一跳频图案编号,20,CONSTRUCTED
FC-0124,SW_CONFIG,协议栈配置,DEVICE,VUHF,SY-0015,,24.63,2.21e-07,0.9681,640.0,2.04,CFG_MISMATCH,通信协议版本不一致,协议栈配置,核对故障现象;读取设备自检码;测量链路指标;定位故障部件,升级协议版本至一致,20,CONSTRUCTED
FC-0125,SW_CONFIG,网络配置,DEVICE,VUHF,SY-0012;SY-0014,,52.4,1.00e-09,0.9084,605.7,5.86,CFG_MISMATCH,网络地址重复配置,网络配置,核对故障现象;读取设备自检码;测量链路指标;定位故障部件,重新分配网络地址,45,CONSTRUCTED
FC-0126,SW_CONFIG,配置参数,DEVICE,VUHF,SY-0012,,90.11,1.00e-09,0.9525,627.5,3.04,NORMAL,工作频率配置与对端不一致,配置参数,核对故障现象;读取设备自检码;测量链路指标;定位故障部件,按通联计划重新下发频率配置,90,CONSTRUCTED
FC-0127,SW_CONFIG,加密模块配置,DEVICE,HF,SY-0013,,23.3,5.44e-07,0.9546,632.4,0.21,NORMAL,加密密钥版本不匹配,加密模块配置,核对故障现象;读取设备自检码;测量链路指标;定位故障部件,同步加密密钥版本,15,CONSTRUCTED
FC-0128,SW_CONFIG,跳频配置,DEVICE,VUHF,SY-0014,,86.9,1.00e-09,0.9408,612.1,3.79,NORMAL,跳频图案编号配置错误,跳频配置,核对故障现象;读取设备自检码;测量链路指标;定位故障部件,统一跳频图案编号,120,CONSTRUCTED
FC-0129,SW_CONFIG,协议栈配置,DEVICE,VUHF,SY-0015,,69.15,1.00e-09,0.9174,600.3,5.29,NORMAL,通信协议版本不一致,协议栈配置,核对故障现象;读取设备自检码;测量链路指标;定位故障部件,升级协议版本至一致,90,CONSTRUCTED
FC-0130,SW_CONFIG,网络配置,DEVICE,HF,SY-0012;SY-0014,,108.31,1.00e-09,0.9208,611.5,0.38,NORMAL,网络地址重复配置,网络配置,核对故障现象;读取设备自检码;测量链路指标;定位故障部件,重新分配网络地址,90,CONSTRUCTED
FC-0131,SW_CONFIG,配置参数,DEVICE,HF,SY-0012,,16.8,4.44e-05,0.9687,648.6,0.1,CFG_MISMATCH,工作频率配置与对端不一致,配置参数,核对故障现象;读取设备自检码;测量链路指标;定位故障部件,按通联计划重新下发频率配置,15,CONSTRUCTED
FC-0132,SW_CONFIG,加密模块配置,DEVICE,HF,SY-0013,,31.26,2.48e-09,0.9699,636.6,0.14,NORMAL,加密密钥版本不匹配,加密模块配置,核对故障现象;读取设备自检码;测量链路指标;定位故障部件,同步加密密钥版本,90,CONSTRUCTED
FC-0133,SW_CONFIG,跳频配置,DEVICE,HF,SY-0014,,21.62,1.70e-06,0.9952,661.9,0.02,NORMAL,跳频图案编号配置错误,跳频配置,核对故障现象;读取设备自检码;测量链路指标;定位故障部件,统一跳频图案编号,30,CONSTRUCTED
FC-0134,SW_CONFIG,协议栈配置,DEVICE,VUHF,SY-0015,,82.74,1.00e-09,0.9083,599.0,5.87,CFG_MISMATCH,通信协议版本不一致,协议栈配置,核对故障现象;读取设备自检码;测量链路指标;定位故障部件,升级协议版本至一致,120,CONSTRUCTED
FC-0135,SW_CONFIG,网络配置,DEVICE,HF,SY-0012;SY-0014,,80.07,1.00e-09,0.9084,607.1,0.44,CFG_MISMATCH,网络地址重复配置,网络配置,核对故障现象;读取设备自检码;测量链路指标;定位故障部件,重新分配网络地址,90,CONSTRUCTED
FC-0136,SW_CONFIG,配置参数,DEVICE,VUHF,SY-0012,,64.68,1.00e-09,0.9619,635.0,2.44,NORMAL,工作频率配置与对端不一致,配置参数,核对故障现象;读取设备自检码;测量链路指标;定位故障部件,按通联计划重新下发频率配置,20,CONSTRUCTED
FC-0137,SW_CONFIG,加密模块配置,DEVICE,HF,SY-0013,,24.85,1.90e-07,0.95,623.2,0.24,NORMAL,加密密钥版本不匹配,加密模块配置,核对故障现象;读取设备自检码;测量链路指标;定位故障部件,同步加密密钥版本,45,CONSTRUCTED
FC-0138,SW_CONFIG,跳频配置,DEVICE,VUHF,SY-0014,,49.68,1.00e-09,0.9184,613.5,5.22,NORMAL,跳频图案编号配置错误,跳频配置,核对故障现象;读取设备自检码;测量链路指标;定位故障部件,统一跳频图案编号,120,CONSTRUCTED
FC-0139,SW_CONFIG,协议栈配置,DEVICE,HF,SY-0015,,15.28,1.24e-04,0.9847,649.8,0.04,NORMAL,通信协议版本不一致,协议栈配置,核对故障现象;读取设备自检码;测量链路指标;定位故障部件,升级协议版本至一致,30,CONSTRUCTED
FC-0140,SW_CONFIG,网络配置,DEVICE,HF,SY-0012;SY-0014,,28.98,1.16e-08,0.9524,626.5,0.23,CFG_MISMATCH,网络地址重复配置,网络配置,核对故障现象;读取设备自检码;测量链路指标;定位故障部件,重新分配网络地址,120,CONSTRUCTED
FC-0141,SW_CONFIG,配置参数,DEVICE,HF,SY-0012,,29.04,1.11e-08,0.9819,651.4,0.09,CFG_MISMATCH,工作频率配置与对端不一致,配置参数,核对故障现象;读取设备自检码;测量链路指标;定位故障部件,按通联计划重新下发频率配置,45,CONSTRUCTED
FC-0142,SW_CONFIG,加密模块配置,DEVICE,HF,SY-0013,,19.53,6.98e-06,0.9796,647.0,0.08,CFG_MISMATCH,加密密钥版本不匹配,加密模块配置,核对故障现象;读取设备自检码;测量链路指标;定位故障部件,同步加密密钥版本,45,CONSTRUCTED
FC-0143,SW_CONFIG,跳频配置,DEVICE,VUHF,SY-0014,,52.98,1.00e-09,0.9695,640.1,1.95,NORMAL,跳频图案编号配置错误,跳频配置,核对故障现象;读取设备自检码;测量链路指标;定位故障部件,统一跳频图案编号,120,CONSTRUCTED
FC-0144,SW_CONFIG,协议栈配置,DEVICE,VUHF,SY-0015,,64.11,1.00e-09,0.9426,629.5,3.67,NORMAL,通信协议版本不一致,协议栈配置,核对故障现象;读取设备自检码;测量链路指标;定位故障部件,升级协议版本至一致,15,CONSTRUCTED
FC-0145,SW_CONFIG,网络配置,DEVICE,VUHF,SY-0012;SY-0014,,53.12,1.00e-09,0.9634,628.0,2.34,NORMAL,网络地址重复配置,网络配置,核对故障现象;读取设备自检码;测量链路指标;定位故障部件,重新分配网络地址,120,CONSTRUCTED
FC-0146,SW_CONFIG,配置参数,DEVICE,VUHF,SY-0012,,34.67,1.00e-09,0.919,603.8,5.18,NORMAL,工作频率配置与对端不一致,配置参数,核对故障现象;读取设备自检码;测量链路指标;定位故障部件,按通联计划重新下发频率配置,90,CONSTRUCTED
FC-0147,SW_CONFIG,加密模块配置,DEVICE,HF,SY-0013,,54.48,1.00e-09,0.9252,607.7,0.36,NORMAL,加密密钥版本不匹配,加密模块配置,核对故障现象;读取设备自检码;测量链路指标;定位故障部件,同步加密密钥版本,45,CONSTRUCTED
FC-0148,SW_CONFIG,跳频配置,DEVICE,HF,SY-0014,,12.25,9.67e-04,0.9512,637.6,0.11,CFG_MISMATCH,跳频图案编号配置错误,跳频配置,核对故障现象;读取设备自检码;测量链路指标;定位故障部件,统一跳频图案编号,60,CONSTRUCTED
FC-0149,SW_CONFIG,协议栈配置,DEVICE,VUHF,SY-0015,,47.2,1.00e-09,0.9254,604.3,4.77,CFG_MISMATCH,通信协议版本不一致,协议栈配置,核对故障现象;读取设备自检码;测量链路指标;定位故障部件,升级协议版本至一致,45,CONSTRUCTED
FC-0150,SW_CONFIG,网络配置,DEVICE,VUHF,SY-0012;SY-0014,,41.69,1.00e-09,0.9924,649.1,0.49,CFG_MISMATCH,网络地址重复配置,网络配置,核对故障现象;读取设备自检码;测量链路指标;定位故障部件,重新分配网络地址,30,CONSTRUCTED
FC-0151,SW_CONFIG,配置参数,DEVICE,HF,SY-0012,,64.82,1.00e-09,0.9178,613.5,0.39,CFG_MISMATCH,工作频率配置与对端不一致,配置参数,核对故障现象;读取设备自检码;测量链路指标;定位故障部件,按通联计划重新下发频率配置,30,CONSTRUCTED
FC-0152,SW_CONFIG,加密模块配置,DEVICE,VUHF,SY-0013,,35.82,1.00e-09,0.9175,615.1,5.28,NORMAL,加密密钥版本不匹配,加密模块配置,核对故障现象;读取设备自检码;测量链路指标;定位故障部件,同步加密密钥版本,20,CONSTRUCTED
FC-0153,SW_CONFIG,跳频配置,DEVICE,VUHF,SY-0014,,28.86,1.26e-08,0.9771,651.7,1.47,NORMAL,跳频图案编号配置错误,跳频配置,核对故障现象;读取设备自检码;测量链路指标;定位故障部件,统一跳频图案编号,30,CONSTRUCTED
FC-0154,SW_CONFIG,协议栈配置,DEVICE,VUHF,SY-0015,,21.08,2.44e-06,0.9572,641.3,2.38,NORMAL,通信协议版本不一致,协议栈配置,核对故障现象;读取设备自检码;测量链路指标;定位故障部件,升级协议版本至一致,60,CONSTRUCTED
FC-0155,SW_CONFIG,网络配置,DEVICE,VUHF,SY-0012;SY-0014,,27.0,4.44e-08,0.9592,627.4,2.61,NORMAL,网络地址重复配置,网络配置,核对故障现象;读取设备自检码;测量链路指标;定位故障部件,重新分配网络地址,60,CONSTRUCTED
FC-0156,SW_CONFIG,配置参数,DEVICE,HF,SY-0012,,70.79,1.00e-09,0.9019,587.6,0.47,NORMAL,工作频率配置与对端不一致,配置参数,核对故障现象;读取设备自检码;测量链路指标;定位故障部件,按通联计划重新下发频率配置,120,CONSTRUCTED
FC-0157,SW_CONFIG,加密模块配置,DEVICE,HF,SY-0013,,14.42,2.22e-04,0.9243,618.5,0.21,CFG_MISMATCH,加密密钥版本不匹配,加密模块配置,核对故障现象;读取设备自检码;测量链路指标;定位故障部件,同步加密密钥版本,60,CONSTRUCTED
FC-0158,SW_CONFIG,跳频配置,DEVICE,VUHF,SY-0014,,30.34,4.62e-09,0.953,628.1,3.01,NORMAL,跳频图案编号配置错误,跳频配置,核对故障现象;读取设备自检码;测量链路指标;定位故障部件,统一跳频图案编号,30,CONSTRUCTED
FC-0159,SW_CONFIG,协议栈配置,DEVICE,VUHF,SY-0015,,22.54,9.10e-07,0.9801,642.0,1.19,CFG_MISMATCH,通信协议版本不一致,协议栈配置,核对故障现象;读取设备自检码;测量链路指标;定位故障部件,升级协议版本至一致,120,CONSTRUCTED
FC-0160,SW_CONFIG,网络配置,DEVICE,HF,SY-0012;SY-0014,,52.83,1.00e-09,0.9157,599.0,0.4,CFG_MISMATCH,网络地址重复配置,网络配置,核对故障现象;读取设备自检码;测量链路指标;定位故障部件,重新分配网络地址,45,CONSTRUCTED
FC-0161,SW_CONFIG,配置参数,DEVICE,HF,SY-0012,,92.63,1.00e-09,0.9342,623.7,0.32,CFG_MISMATCH,工作频率配置与对端不一致,配置参数,核对故障现象;读取设备自检码;测量链路指标;定位故障部件,按通联计划重新下发频率配置,90,CONSTRUCTED
FC-0162,SW_CONFIG,加密模块配置,DEVICE,VUHF,SY-0013,,79.25,1.00e-09,0.9387,623.3,3.92,CFG_MISMATCH,加密密钥版本不匹配,加密模块配置,核对故障现象;读取设备自检码;测量链路指标;定位故障部件,同步加密密钥版本,45,CONSTRUCTED
FC-0163,SW_CONFIG,跳频配置,DEVICE,HF,SY-0014,,30.59,3.90e-09,0.9818,649.9,0.09,CFG_MISMATCH,跳频图案编号配置错误,跳频配置,核对故障现象;读取设备自检码;测量链路指标;定位故障部件,统一跳频图案编号,60,CONSTRUCTED
FC-0164,SW_CONFIG,协议栈配置,DEVICE,HF,SY-0015,,16.28,6.31e-05,0.9592,640.4,0.13,NORMAL,通信协议版本不一致,协议栈配置,核对故障现象;读取设备自检码;测量链路指标;定位故障部件,升级协议版本至一致,45,CONSTRUCTED
FC-0165,SW_CONFIG,网络配置,DEVICE,HF,SY-0012;SY-0014,,24.64,2.19e-07,0.9246,608.6,0.36,NORMAL,网络地址重复配置,网络配置,核对故障现象;读取设备自检码;测量链路指标;定位故障部件,重新分配网络地址,120,CONSTRUCTED
FC-0166,SW_CONFIG,配置参数,DEVICE,HF,SY-0012,,63.72,1.00e-09,0.9286,613.1,0.34,CFG_MISMATCH,工作频率配置与对端不一致,配置参数,核对故障现象;读取设备自检码;测量链路指标;定位故障部件,按通联计划重新下发频率配置,30,CONSTRUCTED
FC-0167,SW_CONFIG,加密模块配置,DEVICE,HF,SY-0013,,27.42,3.34e-08,0.948,622.9,0.25,CFG_MISMATCH,加密密钥版本不匹配,加密模块配置,核对故障现象;读取设备自检码;测量链路指标;定位故障部件,同步加密密钥版本,15,CONSTRUCTED
FC-0168,SW_CONFIG,跳频配置,DEVICE,HF,SY-0014,,17.56,2.65e-05,0.9847,651.2,0.05,NORMAL,跳频图案编号配置错误,跳频配置,核对故障现象;读取设备自检码;测量链路指标;定位故障部件,统一跳频图案编号,120,CONSTRUCTED
FC-0169,SW_CONFIG,协议栈配置,DEVICE,HF,SY-0015,,39.51,1.00e-09,0.9891,645.3,0.05,NORMAL,通信协议版本不一致,协议栈配置,核对故障现象;读取设备自检码;测量链路指标;定位故障部件,升级协议版本至一致,45,CONSTRUCTED
FC-0170,SW_CONFIG,网络配置,DEVICE,HF,SY-0012;SY-0014,,85.8,1.00e-09,0.9003,595.4,0.48,NORMAL,网络地址重复配置,网络配置,核对故障现象;读取设备自检码;测量链路指标;定位故障部件,重新分配网络地址,30,CONSTRUCTED
FC-0171,SW_CONFIG,配置参数,DEVICE,VUHF,SY-0012,,10.88,2.44e-03,0.9599,627.4,1.04,CFG_MISMATCH,工作频率配置与对端不一致,配置参数,核对故障现象;读取设备自检码;测量链路指标;定位故障部件,按通联计划重新下发频率配置,90,CONSTRUCTED
FC-0172,SW_CONFIG,加密模块配置,DEVICE,HF,SY-0013,,46.68,1.00e-09,0.9992,657.3,0.0,CFG_MISMATCH,加密密钥版本不匹配,加密模块配置,核对故障现象;读取设备自检码;测量链路指标;定位故障部件,同步加密密钥版本,15,CONSTRUCTED
FC-0173,SW_CONFIG,跳频配置,DEVICE,HF,SY-0014,,81.65,1.00e-09,0.963,629.3,0.18,NORMAL,跳频图案编号配置错误,跳频配置,核对故障现象;读取设备自检码;测量链路指标;定位故障部件,统一跳频图案编号,60,CONSTRUCTED
FC-0174,SW_CONFIG,协议栈配置,DEVICE,HF,SY-0015,,18.33,1.57e-05,0.9967,658.6,0.01,CFG_MISMATCH,通信协议版本不一致,协议栈配置,核对故障现象;读取设备自检码;测量链路指标;定位故障部件,升级协议版本至一致,30,CONSTRUCTED
FC-0175,SW_CONFIG,网络配置,DEVICE,VUHF,SY-0012;SY-0014,,18.57,1.34e-05,0.9271,619.8,3.51,NORMAL,网络地址重复配置,网络配置,核对故障现象;读取设备自检码;测量链路指标;定位故障部件,重新分配网络地址,120,CONSTRUCTED
FC-0176,SW_CONFIG,配置参数,DEVICE,HF,SY-0012,,60.62,1.00e-09,0.9783,654.5,0.1,NORMAL,工作频率配置与对端不一致,配置参数,核对故障现象;读取设备自检码;测量链路指标;定位故障部件,按通联计划重新下发频率配置,30,CONSTRUCTED
FC-0177,SW_CONFIG,加密模块配置,DEVICE,HF,SY-0013,,31.83,1.68e-09,0.9973,646.8,0.01,NORMAL,加密密钥版本不匹配,加密模块配置,核对故障现象;读取设备自检码;测量链路指标;定位故障部件,同步加密密钥版本,20,CONSTRUCTED
FC-0178,SW_CONFIG,跳频配置,DEVICE,HF,SY-0014,,30.91,3.14e-09,0.9357,620.3,0.31,CFG_MISMATCH,跳频图案编号配置错误,跳频配置,核对故障现象;读取设备自检码;测量链路指标;定位故障部件,统一跳频图案编号,15,CONSTRUCTED
FC-0179,SW_CONFIG,协议栈配置,DEVICE,HF,SY-0015,,15.67,9.54e-05,0.9045,596.5,0.28,CFG_MISMATCH,通信协议版本不一致,协议栈配置,核对故障现象;读取设备自检码;测量链路指标;定位故障部件,升级协议版本至一致,120,CONSTRUCTED
FC-0180,SW_CONFIG,网络配置,DEVICE,VUHF,SY-0012;SY-0014,,32.03,1.47e-09,0.9497,635.1,3.22,CFG_MISMATCH,网络地址重复配置,网络配置,核对故障现象;读取设备自检码;测量链路指标;定位故障部件,重新分配网络地址,90,CONSTRUCTED
FC-0181,EMI,无(外部干扰),LINK,HF,SY-0009;SY-0011,,-1.54,1.10e+01,0.5787,400.9,0.0,NORMAL,邻近区域同频大功率辐射源,无(外部干扰),核对故障现象;读取设备自检码;测量链路指标;定位故障部件,切换至备用频点并上报干扰,120,CONSTRUCTED
FC-0182,EMI,无(外部干扰),LINK,HF,SY-0010,,6.04,6.48e-02,0.5275,371.3,0.42,NORMAL,宽带噪声干扰抬升底噪,无(外部干扰),核对故障现象;读取设备自检码;测量链路指标;定位故障部件,启用跳频模式规避,15,CONSTRUCTED
FC-0183,EMI,无(外部干扰),LINK,HF,SY-0009;SY-0006,,4.49,1.85e-01,0.2099,169.4,0.43,NORMAL,扫频干扰周期性覆盖工作频点,无(外部干扰),核对故障现象;读取设备自检码;测量链路指标;定位故障部件,调整天线方位形成零陷,20,CONSTRUCTED
FC-0184,EMI,无(外部干扰),LINK,VUHF,SY-0011,,7.26,2.84e-02,0.3159,235.8,10.47,NORMAL,邻频泄漏导致互调,无(外部干扰),核对故障现象;读取设备自检码;测量链路指标;定位故障部件,提升发射功率改善信干比,20,CONSTRUCTED
FC-0185,EMI,无(外部干扰),LINK,HF,SY-0009;SY-0011,,3.48,3.67e-01,0.6961,467.4,0.1,NORMAL,脉冲干扰导致突发误码,无(外部干扰),核对故障现象;读取设备自检码;测量链路指标;定位故障部件,重新部署受扰节点,60,CONSTRUCTED
FC-0186,EMI,无(外部干扰),LINK,HF,SY-0010,,5.34,1.04e-01,0.3686,270.7,0.46,NORMAL,邻近区域同频大功率辐射源,无(外部干扰),核对故障现象;读取设备自检码;测量链路指标;定位故障部件,切换至备用频点并上报干扰,90,CONSTRUCTED
FC-0187,EMI,无(外部干扰),LINK,VUHF,SY-0009;SY-0006,,6.12,6.14e-02,0.2922,211.1,8.48,NORMAL,宽带噪声干扰抬升底噪,无(外部干扰),核对故障现象;读取设备自检码;测量链路指标;定位故障部件,启用跳频模式规避,15,CONSTRUCTED
FC-0188,EMI,无(外部干扰),LINK,VUHF,SY-0011,,4.86,1.44e-01,0.5965,400.9,3.36,NORMAL,扫频干扰周期性覆盖工作频点,无(外部干扰),核对故障现象;读取设备自检码;测量链路指标;定位故障部件,调整天线方位形成零陷,90,CONSTRUCTED
FC-0189,EMI,无(外部干扰),LINK,HF,SY-0009;SY-0011,,-0.02,3.93e+00,0.4256,311.2,0.0,NORMAL,邻频泄漏导致互调,无(外部干扰),核对故障现象;读取设备自检码;测量链路指标;定位故障部件,提升发射功率改善信干比,45,CONSTRUCTED
FC-0190,EMI,无(外部干扰),LINK,VUHF,SY-0010,,7.9,1.84e-02,0.6294,426.8,6.36,NORMAL,脉冲干扰导致突发误码,无(外部干扰),核对故障现象;读取设备自检码;测量链路指标;定位故障部件,重新部署受扰节点,120,CONSTRUCTED
FC-0191,EMI,无(外部干扰),LINK,HF,SY-0009;SY-0006,,2.59,6.71e-01,0.594,413.6,0.05,NORMAL,邻近区域同频大功率辐射源,无(外部干扰),核对故障现象;读取设备自检码;测量链路指标;定位故障部件,切换至备用频点并上报干扰,120,CONSTRUCTED
FC-0192,EMI,无(外部干扰),LINK,HF,SY-0011,,-1.38,9.87e+00,0.3984,292.6,0.0,NORMAL,宽带噪声干扰抬升底噪,无(外部干扰),核对故障现象;读取设备自检码;测量链路指标;定位故障部件,启用跳频模式规避,45,CONSTRUCTED
FC-0193,EMI,无(外部干扰),LINK,VUHF,SY-0009;SY-0011,,-0.17,4.35e+00,0.3541,263.6,0.0,NORMAL,扫频干扰周期性覆盖工作频点,无(外部干扰),核对故障现象;读取设备自检码;测量链路指标;定位故障部件,调整天线方位形成零陷,30,CONSTRUCTED
FC-0194,EMI,无(外部干扰),LINK,VUHF,SY-0010,,5.58,8.85e-02,0.542,374.6,4.77,NORMAL,邻频泄漏导致互调,无(外部干扰),核对故障现象;读取设备自检码;测量链路指标;定位故障部件,提升发射功率改善信干比,60,CONSTRUCTED
FC-0195,EMI,无(外部干扰),LINK,HF,SY-0009;SY-0006,,-2.0,1.50e+01,0.5012,355.7,0.0,NORMAL,脉冲干扰导致突发误码,无(外部干扰),核对故障现象;读取设备自检码;测量链路指标;定位故障部件,重新部署受扰节点,20,CONSTRUCTED
FC-0196,EMI,无(外部干扰),LINK,HF,SY-0011,,-1.36,9.73e+00,0.6825,463.7,0.0,NORMAL,邻近区域同频大功率辐射源,无(外部干扰),核对故障现象;读取设备自检码;测量链路指标;定位故障部件,切换至备用频点并上报干扰,30,CONSTRUCTED
FC-0197,EMI,无(外部干扰),LINK,VUHF,SY-0009;SY-0011,,6.78,3.93e-02,0.2433,187.0,10.52,NORMAL,宽带噪声干扰抬升底噪,无(外部干扰),核对故障现象;读取设备自检码;测量链路指标;定位故障部件,启用跳频模式规避,30,CONSTRUCTED
FC-0198,EMI,无(外部干扰),LINK,VUHF,SY-0010,,3.21,4.41e-01,0.608,411.6,1.38,NORMAL,扫频干扰周期性覆盖工作频点,无(外部干扰),核对故障现象;读取设备自检码;测量链路指标;定位故障部件,调整天线方位形成零陷,15,CONSTRUCTED
FC-0199,EMI,无(外部干扰),LINK,VUHF,SY-0009;SY-0006,,5.04,1.28e-01,0.2098,175.7,6.99,NORMAL,邻频泄漏导致互调,无(外部干扰),核对故障现象;读取设备自检码;测量链路指标;定位故障部件,提升发射功率改善信干比,20,CONSTRUCTED
FC-0200,EMI,无(外部干扰),LINK,HF,SY-0011,,-1.72,1.24e+01,0.2782,203.8,0.0,NORMAL,脉冲干扰导致突发误码,无(外部干扰),核对故障现象;读取设备自检码;测量链路指标;定位故障部件,重新部署受扰节点,120,CONSTRUCTED
FC-0201,EMI,无(外部干扰),LINK,VUHF,SY-0009;SY-0011,,7.87,1.88e-02,0.6282,424.9,6.35,NORMAL,邻近区域同频大功率辐射源,无(外部干扰),核对故障现象;读取设备自检码;测量链路指标;定位故障部件,切换至备用频点并上报干扰,60,CONSTRUCTED
FC-0202,EMI,无(外部干扰),LINK,VUHF,SY-0010,,5.19,1.15e-01,0.2033,159.8,7.39,NORMAL,宽带噪声干扰抬升底噪,无(外部干扰),核对故障现象;读取设备自检码;测量链路指标;定位故障部件,启用跳频模式规避,45,CONSTRUCTED
FC-0203,EMI,无(外部干扰),LINK,VUHF,SY-0009;SY-0006,,7.96,1.77e-02,0.5185,366.5,8.35,NORMAL,扫频干扰周期性覆盖工作频点,无(外部干扰),核对故障现象;读取设备自检码;测量链路指标;定位故障部件,调整天线方位形成零陷,20,CONSTRUCTED
FC-0204,EMI,无(外部干扰),LINK,VUHF,SY-0011,,0.95,2.04e+00,0.6141,416.0,0.0,NORMAL,邻频泄漏导致互调,无(外部干扰),核对故障现象;读取设备自检码;测量链路指标;定位故障部件,提升发射功率改善信干比,15,CONSTRUCTED
FC-0205,EMI,无(外部干扰),LINK,VUHF,SY-0009;SY-0011,,5.79,7.68e-02,0.3129,237.1,7.58,NORMAL,脉冲干扰导致突发误码,无(外部干扰),核对故障现象;读取设备自检码;测量链路指标;定位故障部件,重新部署受扰节点,60,CONSTRUCTED
FC-0206,EMI,无(外部干扰),LINK,VUHF,SY-0010,,-1.17,8.56e+00,0.2577,202.2,0.0,NORMAL,邻近区域同频大功率辐射源,无(外部干扰),核对故障现象;读取设备自检码;测量链路指标;定位故障部件,切换至备用频点并上报干扰,20,CONSTRUCTED
FC-0207,EMI,无(外部干扰),LINK,HF,SY-0009;SY-0006,,7.71,2.09e-02,0.4913,341.3,0.63,NORMAL,宽带噪声干扰抬升底噪,无(外部干扰),核对故障现象;读取设备自检码;测量链路指标;定位故障部件,启用跳频模式规避,60,CONSTRUCTED
FC-0208,EMI,无(外部干扰),LINK,VUHF,SY-0011,,-0.57,5.70e+00,0.2093,163.0,0.0,NORMAL,扫频干扰周期性覆盖工作频点,无(外部干扰),核对故障现象;读取设备自检码;测量链路指标;定位故障部件,调整天线方位形成零陷,45,CONSTRUCTED
FC-0209,EMI,无(外部干扰),LINK,VUHF,SY-0009;SY-0011,,7.9,1.84e-02,0.4816,346.5,8.9,NORMAL,邻频泄漏导致互调,无(外部干扰),核对故障现象;读取设备自检码;测量链路指标;定位故障部件,提升发射功率改善信干比,45,CONSTRUCTED
FC-0210,EMI,无(外部干扰),LINK,HF,SY-0010,,6.49,4.78e-02,0.3834,283.2,0.6,NORMAL,脉冲干扰导致突发误码,无(外部干扰),核对故障现象;读取设备自检码;测量链路指标;定位故障部件,重新部署受扰节点,45,CONSTRUCTED
FC-0211,EMI,无(外部干扰),LINK,HF,SY-0009;SY-0006,,0.18,3.43e+00,0.2409,178.8,0.0,NORMAL,邻近区域同频大功率辐射源,无(外部干扰),核对故障现象;读取设备自检码;测量链路指标;定位故障部件,切换至备用频点并上报干扰,20,CONSTRUCTED
FC-0212,EMI,无(外部干扰),LINK,VUHF,SY-0011,,0.86,2.16e+00,0.471,327.4,0.0,NORMAL,宽带噪声干扰抬升底噪,无(外部干扰),核对故障现象;读取设备自检码;测量链路指标;定位故障部件,启用跳频模式规避,20,CONSTRUCTED
FC-0213,EMI,无(外部干扰),LINK,VUHF,SY-0009;SY-0011,,6.87,3.70e-02,0.5491,373.8,6.39,NORMAL,扫频干扰周期性覆盖工作频点,无(外部干扰),核对故障现象;读取设备自检码;测量链路指标;定位故障部件,调整天线方位形成零陷,30,CONSTRUCTED
FC-0214,EMI,无(外部干扰),LINK,HF,SY-0010,,7.49,2.43e-02,0.5189,357.7,0.58,NORMAL,邻频泄漏导致互调,无(外部干扰),核对故障现象;读取设备自检码;测量链路指标;定位故障部件,提升发射功率改善信干比,120,CONSTRUCTED
FC-0215,EMI,无(外部干扰),LINK,HF,SY-0009;SY-0006,,3.59,3.41e-01,0.3765,275.6,0.22,NORMAL,脉冲干扰导致突发误码,无(外部干扰),核对故障现象;读取设备自检码;测量链路指标;定位故障部件,重新部署受扰节点,45,CONSTRUCTED
FC-0216,EMI,无(外部干扰),LINK,VUHF,SY-0011,,-1.5,1.07e+01,0.2858,212.2,0.0,NORMAL,邻近区域同频大功率辐射源,无(外部干扰),核对故障现象;读取设备自检码;测量链路指标;定位故障部件,切换至备用频点并上报干扰,20,CONSTRUCTED
FC-0217,EMI,无(外部干扰),LINK,HF,SY-0009;SY-0011,,-1.79,1.30e+01,0.3147,235.7,0.0,NORMAL,宽带噪声干扰抬升底噪,无(外部干扰),核对故障现象;读取设备自检码;测量链路指标;定位故障部件,启用跳频模式规避,15,CONSTRUCTED
FC-0218,EMI,无(外部干扰),LINK,HF,SY-0010,,-0.47,5.33e+00,0.4867,335.2,0.0,NORMAL,扫频干扰周期性覆盖工作频点,无(外部干扰),核对故障现象;读取设备自检码;测量链路指标;定位故障部件,调整天线方位形成零陷,90,CONSTRUCTED
FC-0219,EMI,无(外部干扰),LINK,VUHF,SY-0009;SY-0006,,7.92,1.81e-02,0.3027,220.9,12.01,NORMAL,邻频泄漏导致互调,无(外部干扰),核对故障现象;读取设备自检码;测量链路指标;定位故障部件,提升发射功率改善信干比,120,CONSTRUCTED
FC-0220,EMI,无(外部干扰),LINK,VUHF,SY-0011,,-1.68,1.21e+01,0.5339,363.3,0.0,NORMAL,脉冲干扰导致突发误码,无(外部干扰),核对故障现象;读取设备自检码;测量链路指标;定位故障部件,重新部署受扰节点,45,CONSTRUCTED
FC-0221,EMI,无(外部干扰),LINK,HF,SY-0009;SY-0011,,-0.15,4.29e+00,0.5055,351.6,0.0,NORMAL,邻近区域同频大功率辐射源,无(外部干扰),核对故障现象;读取设备自检码;测量链路指标;定位故障部件,切换至备用频点并上报干扰,120,CONSTRUCTED
FC-0222,EMI,无(外部干扰),LINK,VUHF,SY-0010,,2.76,5.98e-01,0.474,328.0,1.16,NORMAL,宽带噪声干扰抬升底噪,无(外部干扰),核对故障现象;读取设备自检码;测量链路指标;定位故障部件,启用跳频模式规避,45,CONSTRUCTED
FC-0223,EMI,无(外部干扰),LINK,VUHF,SY-0009;SY-0006,,-0.25,4.59e+00,0.22,170.1,0.0,NORMAL,扫频干扰周期性覆盖工作频点,无(外部干扰),核对故障现象;读取设备自检码;测量链路指标;定位故障部件,调整天线方位形成零陷,90,CONSTRUCTED
FC-0224,EMI,无(外部干扰),LINK,VUHF,SY-0011,,-1.68,1.21e+01,0.4615,316.2,0.0,NORMAL,邻频泄漏导致互调,无(外部干扰),核对故障现象;读取设备自检码;测量链路指标;定位故障部件,提升发射功率改善信干比,45,CONSTRUCTED
FC-0225,EMI,无(外部干扰),LINK,VUHF,SY-0009;SY-0011,,3.61,3.36e-01,0.3814,276.8,2.9,NORMAL,脉冲干扰导致突发误码,无(外部干扰),核对故障现象;读取设备自检码;测量链路指标;定位故障部件,重新部署受扰节点,15,CONSTRUCTED
FC-0226,EMI,无(外部干扰),LINK,VUHF,SY-0010,,1.4,1.50e+00,0.634,437.6,0.0,NORMAL,邻近区域同频大功率辐射源,无(外部干扰),核对故障现象;读取设备自检码;测量链路指标;定位故障部件,切换至备用频点并上报干扰,90,CONSTRUCTED
FC-0227,EMI,无(外部干扰),LINK,VUHF,SY-0009;SY-0006,,6.35,5.26e-02,0.5393,381.3,5.83,NORMAL,宽带噪声干扰抬升底噪,无(外部干扰),核对故障现象;读取设备自检码;测量链路指标;定位故障部件,启用跳频模式规避,60,CONSTRUCTED
FC-0228,EMI,无(外部干扰),LINK,HF,SY-0011,,5.11,1.22e-01,0.3929,280.4,0.41,NORMAL,扫频干扰周期性覆盖工作频点,无(外部干扰),核对故障现象;读取设备自检码;测量链路指标;定位故障部件,调整天线方位形成零陷,20,CONSTRUCTED
FC-0229,EMI,无(外部干扰),LINK,VUHF,SY-0009;SY-0011,,3.99,2.60e-01,0.4462,322.7,3.21,NORMAL,邻频泄漏导致互调,无(外部干扰),核对故障现象;读取设备自检码;测量链路指标;定位故障部件,提升发射功率改善信干比,45,CONSTRUCTED
FC-0230,EMI,无(外部干扰),LINK,VUHF,SY-0010,,-0.87,6.98e+00,0.3493,258.7,0.0,NORMAL,脉冲干扰导致突发误码,无(外部干扰),核对故障现象;读取设备自检码;测量链路指标;定位故障部件,重新部署受扰节点,60,CONSTRUCTED
FC-0231,EMI,无(外部干扰),LINK,HF,SY-0009;SY-0006,,6.15,6.02e-02,0.5528,372.4,0.4,NORMAL,邻近区域同频大功率辐射源,无(外部干扰),核对故障现象;读取设备自检码;测量链路指标;定位故障部件,切换至备用频点并上报干扰,30,CONSTRUCTED
FC-0232,EMI,无(外部干扰),LINK,VUHF,SY-0011,,6.08,6.31e-02,0.3591,259.3,7.61,NORMAL,宽带噪声干扰抬升底噪,无(外部干扰),核对故障现象;读取设备自检码;测量链路指标;定位故障部件,启用跳频模式规避,20,CONSTRUCTED
FC-0233,EMI,无(外部干扰),LINK,VUHF,SY-0009;SY-0011,,0.49,2.78e+00,0.4839,346.5,0.0,NORMAL,扫频干扰周期性覆盖工作频点,无(外部干扰),核对故障现象;读取设备自检码;测量链路指标;定位故障部件,调整天线方位形成零陷,20,CONSTRUCTED
FC-0234,EMI,无(外部干扰),LINK,HF,SY-0010,,-1.32,9.47e+00,0.6217,426.2,0.0,NORMAL,邻频泄漏导致互调,无(外部干扰),核对故障现象;读取设备自检码;测量链路指标;定位故障部件,提升发射功率改善信干比,15,CONSTRUCTED
FC-0235,EMI,无(外部干扰),LINK,HF,SY-0009;SY-0006,,6.42,5.01e-02,0.6255,428.2,0.36,NORMAL,脉冲干扰导致突发误码,无(外部干扰),核对故障现象;读取设备自检码;测量链路指标;定位故障部件,重新部署受扰节点,20,CONSTRUCTED
FC-0236,EMI,无(外部干扰),LINK,VUHF,SY-0011,,3.12,4.68e-01,0.4389,317.0,1.83,NORMAL,邻近区域同频大功率辐射源,无(外部干扰),核对故障现象;读取设备自检码;测量链路指标;定位故障部件,切换至备用频点并上报干扰,90,CONSTRUCTED
FC-0237,EMI,无(外部干扰),LINK,HF,SY-0009;SY-0011,,-1.86,1.37e+01,0.68,454.3,0.0,NORMAL,宽带噪声干扰抬升底噪,无(外部干扰),核对故障现象;读取设备自检码;测量链路指标;定位故障部件,启用跳频模式规避,30,CONSTRUCTED
FC-0238,EMI,无(外部干扰),LINK,HF,SY-0010,,-1.88,1.38e+01,0.5537,382.8,0.0,NORMAL,扫频干扰周期性覆盖工作频点,无(外部干扰),核对故障现象;读取设备自检码;测量链路指标;定位故障部件,调整天线方位形成零陷,120,CONSTRUCTED
FC-0239,EMI,无(外部干扰),LINK,HF,SY-0009;SY-0006,,5.86,7.32e-02,0.6777,454.7,0.27,NORMAL,邻频泄漏导致互调,无(外部干扰),核对故障现象;读取设备自检码;测量链路指标;定位故障部件,提升发射功率改善信干比,30,CONSTRUCTED
FC-0240,EMI,无(外部干扰),LINK,HF,SY-0011,,0.88,2.14e+00,0.304,223.6,0.0,NORMAL,脉冲干扰导致突发误码,无(外部干扰),核对故障现象;读取设备自检码;测量链路指标;定位故障部件,重新部署受扰节点,60,CONSTRUCTED
