node_id,node_name,node_role,mobility,lon,lat,elevation_m,region,device_class,status,is_key,remark
ND-0001,短波固定站01,FIXED_STATION,FIXED,114.241416,37.357422,524.0,山前过渡区,HF,NORMAL,true,
ND-0002,短波固定站02,FIXED_STATION,FIXED,114.117645,37.410612,1186.0,太行山区,HF,NORMAL,true,
ND-0003,短波固定站03,FIXED_STATION,FIXED,114.129676,37.35473,640.0,太行山区,HF,NORMAL,true,
ND-0004,短波固定站04,FIXED_STATION,FIXED,114.285183,37.193021,224.0,山前过渡区,HF,NORMAL,true,
ND-0005,短波固定站05,FIXED_STATION,FIXED,114.188379,37.746573,465.0,太行山区,HF,NORMAL,true,
ND-0006,短波固定站06,FIXED_STATION,FIXED,114.157367,37.865458,1079.0,太行山区,HF,NORMAL,true,
ND-0007,短波固定站07,FIXED_STATION,FIXED,114.223348,37.695682,284.0,太行山区,HF,NORMAL,true,
ND-0008,短波固定站08,FIXED_STATION,FIXED,114.183294,37.801272,716.0,太行山区,HF,NORMAL,true,
ND-0009,超短波固定站01,FIXED_STATION,FIXED,114.185112,37.551163,627.0,太行山区,VUHF,NORMAL,true,
ND-0010,超短波固定站02,FIXED_STATION,FIXED,114.10045,37.358783,867.0,太行山区,VUHF,NORMAL,true,
ND-0011,超短波固定站03,FIXED_STATION,FIXED,114.156703,37.224231,606.0,山前过渡区,VUHF,NORMAL,true,
ND-0012,超短波固定站04,FIXED_STATION,FIXED,114.207554,37.5776,528.0,太行山区,VUHF,NORMAL,true,
ND-0013,超短波固定站05,FIXED_STATION,FIXED,114.11678,37.710533,739.0,太行山区,VUHF,NORMAL,true,
ND-0014,超短波固定站06,FIXED_STATION,FIXED,114.169769,37.791729,645.0,太行山区,VUHF,NORMAL,true,
ND-0015,超短波固定站07,FIXED_STATION,FIXED,114.11454,37.612738,1227.0,太行山区,VUHF,NORMAL,true,
ND-0016,超短波固定站08,FIXED_STATION,FIXED,114.167771,37.884003,735.0,太行山区,VUHF,NORMAL,true,
ND-0017,超短波固定站09,FIXED_STATION,FIXED,114.26595,37.351248,433.0,山前过渡区,VUHF,NORMAL,true,
ND-0018,超短波固定站10,FIXED_STATION,FIXED,114.142429,37.604881,1091.0,太行山区,VUHF,NORMAL,true,
ND-0019,超短波固定站11,FIXED_STATION,FIXED,114.311608,37.679835,192.0,太行山区,VUHF,NORMAL,true,
ND-0020,超短波固定站12,FIXED_STATION,FIXED,114.182095,37.793948,596.0,太行山区,VUHF,NORMAL,true,
ND-0021,超短波固定站13,FIXED_STATION,FIXED,114.17841,37.672258,372.0,太行山区,VUHF,NORMAL,true,
ND-0022,超短波固定站14,FIXED_STATION,FIXED,114.123785,37.381849,1094.0,太行山区,VUHF,NORMAL,true,
ND-0023,短波任务节点001,TASK,MANPACK,114.11608,37.65348,783.0,太行山区,HF,NORMAL,false,
ND-0024,短波任务节点002,TASK,MANPACK,114.401775,37.210783,115.0,山前过渡区,HF,NORMAL,false,
ND-0025,短波任务节点003,TASK,VEHICLE,114.938533,37.598235,37.0,中部平原区,HF,NORMAL,false,
ND-0026,短波任务节点004,TASK,MANPACK,115.234636,37.110127,33.0,东部平原区,HF,NORMAL,false,
ND-0027,短波任务节点005,TASK,MANPACK,114.211507,37.636359,260.0,太行山区,HF,NORMAL,false,
ND-0028,短波任务节点006,TASK,VEHICLE,114.438937,37.312792,152.0,山前过渡区,HF,NORMAL,false,
ND-0029,短波任务节点007,TASK,VEHICLE,114.771253,37.577831,36.0,中部平原区,HF,NORMAL,false,
ND-0030,短波任务节点008,TASK,MANPACK,115.254836,37.229281,33.0,东部平原区,HF,NORMAL,false,
ND-0031,短波任务节点009,TASK,MANPACK,114.256872,37.600794,526.0,太行山区,HF,NORMAL,false,
ND-0032,短波任务节点010,TASK,MANPACK,114.443348,37.222852,109.0,山前过渡区,HF,NORMAL,false,
ND-0033,短波任务节点011,TASK,VEHICLE,114.726296,37.588952,43.0,中部平原区,HF,NORMAL,false,
ND-0034,短波任务节点012,TASK,MANPACK,115.105274,37.231664,30.0,东部平原区,HF,NORMAL,false,
ND-0035,短波任务节点013,TASK,VEHICLE,114.178423,37.55142,687.0,太行山区,HF,NORMAL,false,
ND-0036,短波任务节点014,TASK,VEHICLE,114.436368,37.248115,112.0,山前过渡区,HF,NORMAL,false,
ND-0037,短波任务节点015,TASK,MANPACK,114.738481,37.790699,45.0,中部平原区,HF,NORMAL,false,
ND-0038,短波任务节点016,TASK,VEHICLE,115.162349,37.19175,31.0,东部平原区,HF,NORMAL,false,
ND-0039,短波任务节点017,TASK,MANPACK,114.09486,37.558295,1086.0,太行山区,HF,NORMAL,false,
ND-0040,短波任务节点018,TASK,MANPACK,114.406299,37.314507,167.0,山前过渡区,HF,NORMAL,false,
ND-0041,短波任务节点019,TASK,VEHICLE,114.796486,37.538335,32.0,中部平原区,HF,NORMAL,false,
ND-0042,短波任务节点020,TASK,VEHICLE,115.2238,37.294913,32.0,东部平原区,HF,NORMAL,true,
ND-0043,短波任务节点021,TASK,VEHICLE,114.170995,37.610143,453.0,太行山区,HF,NORMAL,false,
ND-0044,短波任务节点022,TASK,VEHICLE,114.259987,37.264243,331.0,山前过渡区,HF,NORMAL,true,
ND-0045,短波任务节点023,TASK,VEHICLE,114.965058,37.695544,39.0,中部平原区,HF,NORMAL,false,
ND-0046,短波任务节点024,TASK,VEHICLE,115.300632,37.220119,32.0,东部平原区,HF,NORMAL,false,
ND-0047,短波任务节点025,TASK,VEHICLE,114.232714,37.606332,367.0,太行山区,HF,NORMAL,false,
ND-0048,短波任务节点026,TASK,VEHICLE,114.366635,37.240278,159.0,山前过渡区,HF,NORMAL,false,
ND-0049,短波任务节点027,TASK,MANPACK,115.00914,37.81589,42.0,中部平原区,HF,NORMAL,false,
ND-0050,短波任务节点028,TASK,VEHICLE,115.249316,37.187146,31.0,东部平原区,HF,NORMAL,false,
ND-0051,短波任务节点029,TASK,VEHICLE,114.113456,37.517086,648.0,太行山区,HF,NORMAL,true,
ND-0052,短波任务节点030,TASK,VEHICLE,114.52012,37.189569,72.0,山前过渡区,HF,NORMAL,false,
ND-0053,短波任务节点031,TASK,MANPACK,114.865761,37.587066,30.0,中部平原区,HF,NORMAL,false,
ND-0054,短波任务节点032,TASK,VEHICLE,115.233282,37.010159,36.0,东部平原区,HF,NORMAL,false,
ND-0055,短波任务节点033,TASK,VEHICLE,114.160504,37.47045,668.0,太行山区,HF,NORMAL,false,
ND-0056,短波任务节点034,TASK,VEHICLE,114.426874,37.195909,115.0,山前过渡区,HF,NORMAL,false,
ND-0057,短波任务节点035,TASK,VEHICLE,114.683021,37.659573,42.0,中部平原区,HF,NORMAL,true,
ND-0058,短波任务节点036,TASK,VEHICLE,115.26749,37.251084,31.0,东部平原区,HF,NORMAL,false,
ND-0059,短波任务节点037,TASK,VEHICLE,114.121338,37.555503,497.0,太行山区,HF,NORMAL,false,
ND-0060,短波任务节点038,TASK,MANPACK,114.421403,37.177466,106.0,山前过渡区,HF,NORMAL,false,
ND-0061,短波任务节点039,TASK,VEHICLE,115.048545,37.728963,37.0,中部平原区,HF,NORMAL,false,
ND-0062,短波任务节点040,TASK,VEHICLE,115.145503,37.304811,32.0,东部平原区,HF,NORMAL,true,
ND-0063,短波任务节点041,TASK,MANPACK,114.213917,37.558848,492.0,太行山区,HF,NORMAL,false,
ND-0064,短波任务节点042,TASK,VEHICLE,114.474811,37.264797,97.0,山前过渡区,HF,NORMAL,false,
ND-0065,短波任务节点043,TASK,MANPACK,114.67039,37.746157,44.0,中部平原区,HF,NORMAL,false,
ND-0066,短波任务节点044,TASK,MANPACK,115.195345,37.2583,32.0,东部平原区,HF,NORMAL,false,
ND-0067,超短波任务节点001,TASK,VEHICLE,114.110427,37.537482,519.0,太行山区,VUHF,NORMAL,false,
ND-0068,超短波任务节点002,TASK,MANPACK,114.411889,37.240741,121.0,山前过渡区,VUHF,NORMAL,false,
ND-0069,超短波任务节点003,TASK,VEHICLE,114.875518,37.657459,34.0,中部平原区,VUHF,NORMAL,false,
ND-0070,超短波任务节点004,TASK,VEHICLE,115.218416,37.219454,34.0,东部平原区,VUHF,NORMAL,false,
ND-0071,超短波任务节点005,TASK,VEHICLE,114.104488,37.601527,1055.0,太行山区,VUHF,NORMAL,false,
ND-0072,超短波任务节点006,TASK,VEHICLE,114.46239,37.297061,104.0,山前过渡区,VUHF,NORMAL,false,
ND-0073,超短波任务节点007,TASK,VEHICLE,114.845347,37.562319,34.0,中部平原区,VUHF,NORMAL,false,
ND-0074,超短波任务节点008,TASK,VEHICLE,115.368363,37.193483,34.0,东部平原区,VUHF,NORMAL,false,
ND-0075,超短波任务节点009,TASK,MANPACK,114.223725,37.519694,319.0,太行山区,VUHF,NORMAL,false,
ND-0076,超短波任务节点010,TASK,VEHICLE,114.384498,37.244859,152.0,山前过渡区,VUHF,NORMAL,false,
ND-0077,超短波任务节点011,TASK,VEHICLE,114.855936,37.643607,39.0,中部平原区,VUHF,NORMAL,false,
ND-0078,超短波任务节点012,TASK,VEHICLE,115.204611,37.161579,35.0,东部平原区,VUHF,NORMAL,false,
ND-0079,超短波任务节点013,TASK,MANPACK,114.177593,37.62848,402.0,太行山区,VUHF,NORMAL,false,
ND-0080,超短波任务节点014,TASK,VEHICLE,114.491133,37.203712,82.0,山前过渡区,VUHF,NORMAL,false,
ND-0081,超短波任务节点015,TASK,MANPACK,114.907304,37.717541,37.0,中部平原区,VUHF,NORMAL,false,
ND-0082,超短波任务节点016,TASK,VEHICLE,115.287949,37.254176,34.0,东部平原区,VUHF,NORMAL,false,
ND-0083,超短波任务节点017,TASK,MANPACK,114.152395,37.637538,571.0,太行山区,VUHF,NORMAL,false,
ND-0084,超短波任务节点018,TASK,VEHICLE,114.482234,37.216694,89.0,山前过渡区,VUHF,NORMAL,false,
ND-0085,超短波任务节点019,TASK,VEHICLE,114.923348,37.565837,31.0,中部平原区,VUHF,NORMAL,false,
ND-0086,超短波任务节点020,TASK,MANPACK,115.035913,37.163637,30.0,东部平原区,VUHF,NORMAL,false,
ND-0087,超短波任务节点021,TASK,VEHICLE,114.0665,37.593483,970.0,太行山区,VUHF,NORMAL,false,
ND-0088,超短波任务节点022,TASK,MANPACK,114.507561,37.292653,80.0,山前过渡区,VUHF,NORMAL,false,
ND-0089,超短波任务节点023,TASK,VEHICLE,114.743969,37.646454,37.0,中部平原区,VUHF,NORMAL,false,
ND-0090,超短波任务节点024,TASK,VEHICLE,115.310745,37.146504,31.0,东部平原区,VUHF,NORMAL,false,
ND-0091,超短波任务节点025,TASK,VEHICLE,114.222722,37.576617,443.0,太行山区,VUHF,NORMAL,false,
ND-0092,超短波任务节点026,TASK,MANPACK,114.295559,37.197503,211.0,山前过渡区,VUHF,NORMAL,false,
ND-0093,超短波任务节点027,TASK,VEHICLE,114.885732,37.631516,31.0,中部平原区,VUHF,NORMAL,false,
ND-0094,超短波任务节点028,TASK,VEHICLE,115.204107,37.192902,32.0,东部平原区,VUHF,NORMAL,false,
ND-0095,超短波任务节点029,TASK,MANPACK,114.173756,37.561038,654.0,太行山区,VUHF,NORMAL,false,
ND-0096,超短波任务节点030,TASK,MANPACK,114.321776,37.23363,192.0,山前过渡区,VUHF,NORMAL,false,
ND-0097,超短波任务节点031,TASK,VEHICLE,114.790975,37.73151,37.0,中部平原区,VUHF,NORMAL,false,
ND-0098,超短波任务节点032,TASK,VEHICLE,115.119814,37.375821,31.0,东部平原区,VUHF,NORMAL,false,
ND-0099,超短波任务节点033,TASK,MANPACK,114.122161,37.554361,483.0,太行山区,VUHF,NORMAL,false,
ND-0100,超短波任务节点034,TASK,VEHICLE,114.358705,37.251211,196.0,山前过渡区,VUHF,NORMAL,true,
ND-0101,超短波任务节点035,TASK,MANPACK,114.807516,37.595654,35.0,中部平原区,VUHF,NORMAL,false,
ND-0102,超短波任务节点036,TASK,VEHICLE,115.2049,37.153346,31.0,东部平原区,VUHF,NORMAL,false,
ND-0103,超短波任务节点037,TASK,VEHICLE,114.074612,37.459034,1063.0,太行山区,VUHF,NORMAL,false,
ND-0104,超短波任务节点038,TASK,MANPACK,114.453845,37.117945,84.0,山前过渡区,VUHF,NORMAL,false,
ND-0105,超短波任务节点039,TASK,VEHICLE,114.801865,37.544083,34.0,中部平原区,VUHF,NORMAL,false,
ND-0106,超短波任务节点040,TASK,VEHICLE,115.296794,37.267654,33.0,东部平原区,VUHF,NORMAL,false,
ND-0107,超短波任务节点041,TASK,MANPACK,114.184749,37.570721,438.0,太行山区,VUHF,NORMAL,false,
ND-0108,超短波任务节点042,TASK,VEHICLE,114.31071,37.260273,252.0,山前过渡区,VUHF,NORMAL,false,
ND-0109,超短波任务节点043,TASK,VEHICLE,114.830884,37.622726,38.0,中部平原区,VUHF,NORMAL,false,
ND-0110,超短波任务节点044,TASK,VEHICLE,115.163998,37.113964,33.0,东部平原区,VUHF,NORMAL,false,
ND-0111,超短波任务节点045,TASK,MANPACK,114.197374,37.483412,407.0,太行山区,VUHF,NORMAL,false,
ND-0112,超短波任务节点046,TASK,MANPACK,114.310122,37.238973,217.0,山前过渡区,VUHF,NORMAL,false,
ND-0113,超短波任务节点047,TASK,MANPACK,114.993648,37.668705,33.0,中部平原区,VUHF,NORMAL,false,
ND-0114,超短波任务节点048,TASK,MANPACK,115.293396,37.250083,33.0,东部平原区,VUHF,NORMAL,false,
ND-0115,超短波任务节点049,TASK,VEHICLE,114.165863,37.472904,558.0,太行山区,VUHF,NORMAL,false,
ND-0116,超短波任务节点050,TASK,MANPACK,114.441,37.220824,109.0,山前过渡区,VUHF,NORMAL,false,
ND-0117,超短波任务节点051,TASK,MANPACK,114.964446,37.629826,32.0,中部平原区,VUHF,NORMAL,false,
ND-0118,超短波任务节点052,TASK,MANPACK,115.30296,37.178381,34.0,东部平原区,VUHF,NORMAL,false,
ND-0119,超短波任务节点053,TASK,MANPACK,114.096275,37.601877,909.0,太行山区,VUHF,NORMAL,false,
ND-0120,超短波任务节点054,TASK,VEHICLE,114.39386,37.182954,116.0,山前过渡区,VUHF,NORMAL,false,
ND-0121,超短波任务节点055,TASK,VEHICLE,114.806233,37.606204,36.0,中部平原区,VUHF,NORMAL,true,
ND-0122,超短波任务节点056,TASK,MANPACK,115.207793,37.26563,34.0,东部平原区,VUHF,NORMAL,false,
ND-0123,超短波任务节点057,TASK,VEHICLE,114.130969,37.643435,1206.0,太行山区,VUHF,NORMAL,false,
ND-0124,超短波任务节点058,TASK,VEHICLE,114.402144,37.159074,112.0,山前过渡区,VUHF,NORMAL,false,
ND-0125,超短波任务节点059,TASK,VEHICLE,114.869753,37.607588,36.0,中部平原区,VUHF,NORMAL,false,
ND-0126,超短波任务节点060,TASK,VEHICLE,115.246616,37.240899,33.0,东部平原区,VUHF,NORMAL,false,
ND-0127,超短波任务节点061,TASK,VEHICLE,114.081103,37.505174,883.0,太行山区,VUHF,NORMAL,false,
ND-0128,超短波任务节点062,TASK,VEHICLE,114.400233,37.27386,142.0,山前过渡区,VUHF,NORMAL,false,
ND-0129,超短波任务节点063,TASK,MANPACK,114.762,37.586677,39.0,中部平原区,VUHF,NORMAL,false,
ND-0130,超短波任务节点064,TASK,MANPACK,115.175712,36.956661,35.0,东部平原区,VUHF,NORMAL,false,
ND-0131,超短波任务节点065,TASK,VEHICLE,114.24132,37.474485,248.0,太行山区,VUHF,NORMAL,true,
ND-0132,超短波任务节点066,TASK,VEHICLE,114.420037,37.214681,118.0,山前过渡区,VUHF,NORMAL,false,
ND-0133,超短波任务节点067,TASK,VEHICLE,114.855706,37.64564,31.0,中部平原区,VUHF,NORMAL,false,
ND-0134,超短波任务节点068,TASK,MANPACK,115.274573,37.253363,36.0,东部平原区,VUHF,NORMAL,false,
ND-0135,超短波任务节点069,TASK,MANPACK,114.149139,37.441838,580.0,太行山区,VUHF,NORMAL,false,
ND-0136,超短波任务节点070,TASK,VEHICLE,114.391546,37.306856,156.0,山前过渡区,VUHF,NORMAL,false,
ND-0137,超短波任务节点071,TASK,VEHICLE,114.909931,37.676876,39.0,中部平原区,VUHF,NORMAL,false,
ND-0138,超短波任务节点072,TASK,VEHICLE,115.267085,37.094217,33.0,东部平原区,VUHF,NORMAL,false,
ND-0139,超短波任务节点073,TASK,VEHICLE,114.193931,37.579012,390.0,太行山区,VUHF,NORMAL,false,
ND-0140,超短波任务节点074,TASK,MANPACK,114.397979,37.21995,118.0,山前过渡区,VUHF,NORMAL,false,
ND-0141,超短波任务节点075,TASK,VEHICLE,114.785969,37.69105,36.0,中部平原区,VUHF,NORMAL,false,
ND-0142,超短波任务节点076,TASK,VEHICLE,115.137922,37.15584,33.0,东部平原区,VUHF,NORMAL,false,
ND-0143,超短波任务节点077,TASK,VEHICLE,114.269882,37.52818,219.0,太行山区,VUHF,NORMAL,false,
ND-0144,超短波任务节点078,TASK,VEHICLE,114.378424,37.448991,117.0,山前过渡区,VUHF,NORMAL,false,
ND-0145,超短波任务节点079,TASK,MANPACK,114.79817,37.647664,39.0,中部平原区,VUHF,NORMAL,false,
ND-0146,超短波任务节点080,TASK,VEHICLE,115.123166,37.232323,29.0,东部平原区,VUHF,NORMAL,false,
ND-0147,超短波任务节点081,TASK,VEHICLE,114.109921,37.448283,869.0,太行山区,VUHF,NORMAL,false,
ND-0148,超短波任务节点082,TASK,VEHICLE,114.390337,37.433528,138.0,山前过渡区,VUHF,NORMAL,false,
ND-0149,超短波任务节点083,TASK,VEHICLE,114.89411,37.759023,37.0,中部平原区,VUHF,NORMAL,false,
ND-0150,超短波任务节点084,TASK,MANPACK,115.239829,37.232463,37.0,东部平原区,VUHF,NORMAL,false,
ND-0151,超短波任务节点085,TASK,MANPACK,114.304134,37.458945,180.0,太行山区,VUHF,NORMAL,false,
ND-0152,超短波任务节点086,TASK,MANPACK,114.435309,37.296831,143.0,山前过渡区,VUHF,NORMAL,false,
ND-0153,超短波任务节点087,TASK,MANPACK,114.754496,37.752034,37.0,中部平原区,VUHF,NORMAL,false,
ND-0154,超短波任务节点088,TASK,MANPACK,115.139785,37.159531,32.0,东部平原区,VUHF,NORMAL,false,
ND-0155,超短波任务节点089,TASK,VEHICLE,114.137928,37.526686,636.0,太行山区,VUHF,NORMAL,false,
ND-0156,超短波任务节点090,TASK,VEHICLE,114.394247,37.199741,129.0,山前过渡区,VUHF,NORMAL,false,
