demand_id,task_id,src_node_id,dst_node_id,priority,is_mandatory,data_volume_mb,required_rate_kbps,max_delay_ms,min_reliability,service_type,preferred_class
CD-0001,TS-0001,ND-0012,ND-0016,P1,true,164.0,32,400,0.95,数据,VUHF
CD-0002,TS-0001,ND-0139,ND-0116,P3,false,212.2,32,250,0.99,数据,VUHF
CD-0003,TS-0001,ND-0135,ND-0091,P2,false,132.9,32,400,0.9,数据,VUHF
CD-0004,TS-0001,ND-0155,ND-0146,P2,true,174.8,4.8,150,0.95,话音,VUHF
CD-0005,TS-0001,ND-0083,ND-0154,P2,true,45.5,4.8,400,0.995,话音,VUHF
CD-0006,TS-0001,ND-0019,ND-0115,P2,false,34.5,4.8,800,0.99,话音,VUHF
CD-0007,TS-0001,ND-0006,ND-0043,P3,false,149.6,32,400,0.95,数据,HF
CD-0008,TS-0001,ND-0051,ND-0039,P2,false,202.3,1.2,400,0.995,短消息,HF
CD-0009,TS-0001,ND-0107,ND-0130,P2,false,148.1,1.2,250,0.9,短消息,VUHF
CD-0010,TS-0001,ND-0014,ND-0141,P2,false,149.5,4.8,150,0.95,话音,VUHF
CD-0011,TS-0001,ND-0119,ND-0080,P2,false,159.6,32,250,0.9,数据,VUHF
CD-0012,TS-0001,ND-0131,ND-0013,P1,true,205.4,1.2,150,0.995,短消息,VUHF
CD-0013,TS-0001,ND-0016,ND-0087,P3,false,208.8,1.2,800,0.995,短消息,VUHF
CD-0014,TS-0001,ND-0020,ND-0098,P3,false,11.9,32,800,0.9,数据,VUHF
CD-0015,TS-0001,ND-0016,ND-0123,P3,false,93.1,1.2,150,0.9,短消息,VUHF
CD-0016,TS-0001,ND-0016,ND-0121,P1,true,47.5,4.8,150,0.995,话音,VUHF
CD-0017,TS-0001,ND-0031,ND-0059,P2,false,101.8,4.8,800,0.9,话音,HF
CD-0018,TS-0001,ND-0131,ND-0111,P3,false,176.0,1.2,150,0.95,短消息,VUHF
CD-0019,TS-0001,ND-0043,ND-0005,P3,false,209.4,4.8,800,0.95,话音,HF
CD-0020,TS-0001,ND-0119,ND-0149,P2,false,10.1,1.2,800,0.95,短消息,VUHF
CD-0021,TS-0001,ND-0020,ND-0016,P1,true,149.1,4.8,800,0.99,话音,VUHF
CD-0022,TS-0001,ND-0139,ND-0069,P3,false,63.1,4.8,800,0.99,话音,VUHF
CD-0023,TS-0001,ND-0099,ND-0019,P3,false,195.7,32,250,0.9,数据,VUHF
CD-0024,TS-0001,ND-0123,ND-0019,P3,false,3.0,4.8,250,0.9,话音,VUHF
CD-0025,TS-0001,ND-0071,ND-0155,P2,true,202.0,4.8,800,0.95,话音,VUHF
CD-0026,TS-0001,ND-0083,ND-0103,P2,false,55.1,4.8,250,0.95,话音,VUHF
CD-0027,TS-0001,ND-0019,ND-0072,P2,false,176.5,1.2,800,0.995,短消息,VUHF
CD-0028,TS-0001,ND-0019,ND-0014,P1,true,86.4,4.8,800,0.99,话音,VUHF
CD-0029,TS-0001,ND-0071,ND-0067,P3,false,61.6,32,400,0.99,数据,VUHF
CD-0030,TS-0001,ND-0063,ND-0043,P3,false,208.9,4.8,800,0.95,话音,HF
CD-0031,TS-0001,ND-0002,ND-0063,P3,false,166.1,4.8,400,0.995,话音,HF
CD-0032,TS-0001,ND-0035,ND-0008,P2,false,81.2,1.2,250,0.995,短消息,HF
CD-0033,TS-0001,ND-0111,ND-0009,P3,false,58.2,32,400,0.995,数据,VUHF
CD-0034,TS-0001,ND-0139,ND-0153,P3,false,3.7,1.2,250,0.9,短消息,VUHF
CD-0035,TS-0001,ND-0151,ND-0009,P3,false,110.5,1.2,150,0.95,短消息,VUHF
CD-0036,TS-0001,ND-0079,ND-0012,P3,false,240.0,1.2,150,0.9,短消息,VUHF
CD-0037,TS-0001,ND-0147,ND-0123,P3,false,5.3,4.8,250,0.99,话音,VUHF
CD-0038,TS-0001,ND-0087,ND-0083,P3,false,6.7,4.8,400,0.99,话音,VUHF
CD-0039,TS-0001,ND-0016,ND-0014,P1,true,140.1,4.8,150,0.99,话音,VUHF
CD-0040,TS-0001,ND-0155,ND-0014,P3,false,30.9,4.8,150,0.995,话音,VUHF
CD-0041,TS-0001,ND-0119,ND-0015,P3,false,108.3,4.8,400,0.99,话音,VUHF
CD-0042,TS-0001,ND-0013,ND-0097,P2,false,14.5,4.8,800,0.99,话音,VUHF
CD-0043,TS-0001,ND-0119,ND-0134,P2,false,237.4,4.8,250,0.95,话音,VUHF
CD-0044,TS-0001,ND-0013,ND-0119,P3,false,156.0,4.8,250,0.99,话音,VUHF
CD-0045,TS-0001,ND-0135,ND-0013,P2,false,87.7,4.8,800,0.95,话音,VUHF
CD-0046,TS-0001,ND-0091,ND-0010,P2,false,153.7,32,250,0.95,数据,VUHF
CD-0047,TS-0001,ND-0015,ND-0016,P1,true,42.0,4.8,150,0.95,话音,VUHF
CD-0048,TS-0001,ND-0099,ND-0091,P2,true,31.1,32,400,0.995,数据,VUHF
CD-0049,TS-0001,ND-0067,ND-0155,P3,false,214.9,1.2,400,0.995,短消息,VUHF
CD-0050,TS-0001,ND-0012,ND-0022,P1,true,208.0,4.8,250,0.9,话音,VUHF
CD-0051,TS-0001,ND-0143,ND-0127,P3,false,153.1,4.8,400,0.95,话音,VUHF
CD-0052,TS-0001,ND-0018,ND-0123,P3,false,134.6,4.8,800,0.995,话音,VUHF
CD-0053,TS-0001,ND-0095,ND-0123,P2,false,170.6,4.8,150,0.995,话音,VUHF
CD-0054,TS-0001,ND-0031,ND-0042,P2,false,47.5,32,400,0.995,数据,HF
CD-0055,TS-0001,ND-0018,ND-0144,P3,false,143.5,1.2,250,0.995,短消息,VUHF
CD-0056,TS-0001,ND-0127,ND-0067,P2,false,14.2,4.8,800,0.95,话音,VUHF
CD-0057,TS-0001,ND-0005,ND-0023,P3,false,36.3,1.2,250,0.995,短消息,HF
CD-0058,TS-0001,ND-0111,ND-0075,P3,false,31.8,32,400,0.99,数据,VUHF
CD-0059,TS-0001,ND-0012,ND-0089,P3,false,146.6,4.8,150,0.9,话音,VUHF
CD-0060,TS-0001,ND-0075,ND-0108,P2,true,49.4,1.2,400,0.995,短消息,VUHF
CD-0061,TS-0001,ND-0143,ND-0106,P3,false,98.6,4.8,150,0.99,话音,VUHF
CD-0062,TS-0001,ND-0019,ND-0097,P2,false,210.8,4.8,150,0.99,话音,VUHF
CD-0063,TS-0001,ND-0016,ND-0116,P3,false,13.6,4.8,250,0.95,话音,VUHF
CD-0064,TS-0001,ND-0016,ND-0103,P3,false,42.8,32,800,0.99,数据,VUHF
CD-0065,TS-0001,ND-0139,ND-0020,P2,false,101.5,1.2,150,0.99,短消息,VUHF
CD-0066,TS-0001,ND-0071,ND-0019,P2,false,69.9,4.8,800,0.995,话音,VUHF
CD-0067,TS-0001,ND-0055,ND-0026,P3,false,63.8,1.2,400,0.95,短消息,HF
CD-0068,TS-0001,ND-0095,ND-0067,P2,false,189.1,4.8,150,0.99,话音,VUHF
CD-0069,TS-0001,ND-0002,ND-0023,P3,false,227.9,4.8,250,0.9,话音,HF
CD-0070,TS-0001,ND-0019,ND-0015,P1,true,2.8,1.2,800,0.99,短消息,VUHF
CD-0071,TS-0001,ND-0123,ND-0015,P2,false,14.5,1.2,400,0.99,短消息,VUHF
CD-0072,TS-0001,ND-0131,ND-0155,P3,false,180.0,4.8,400,0.9,话音,VUHF
CD-0073,TS-0001,ND-0123,ND-0080,P2,false,56.1,4.8,250,0.99,话音,VUHF
CD-0074,TS-0001,ND-0087,ND-0020,P2,true,13.3,32,250,0.9,数据,VUHF
CD-0075,TS-0001,ND-0007,ND-0044,P1,true,133.8,32,400,0.9,数据,HF
CD-0076,TS-0001,ND-0020,ND-0067,P2,false,100.8,1.2,250,0.995,短消息,VUHF
CD-0077,TS-0001,ND-0127,ND-0087,P3,false,65.6,4.8,800,0.95,话音,VUHF
CD-0078,TS-0001,ND-0087,ND-0091,P3,false,81.4,1.2,150,0.95,短消息,VUHF
CD-0079,TS-0001,ND-0135,ND-0128,P2,false,121.1,4.8,250,0.99,话音,VUHF
CD-0080,TS-0002,ND-0124,ND-0021,P3,false,92.1,1.2,800,0.99,短消息,VUHF
CD-0081,TS-0002,ND-0036,ND-0040,P3,false,184.7,32,150,0.9,数据,HF
CD-0082,TS-0002,ND-0128,ND-0100,P2,false,116.3,1.2,400,0.99,短消息,VUHF
CD-0083,TS-0002,ND-0088,ND-0010,P2,false,148.5,4.8,250,0.95,话音,VUHF
CD-0084,TS-0002,ND-0104,ND-0011,P2,false,113.6,4.8,150,0.99,话音,VUHF
CD-0085,TS-0002,ND-0136,ND-0112,P2,false,223.5,1.2,150,0.95,短消息,VUHF
CD-0086,TS-0002,ND-0144,ND-0104,P2,true,150.6,1.2,150,0.95,短消息,VUHF
CD-0087,TS-0002,ND-0096,ND-0076,P3,false,156.6,1.2,150,0.9,短消息,VUHF
CD-0088,TS-0002,ND-0032,ND-0038,P3,false,181.6,4.8,400,0.95,话音,HF
CD-0089,TS-0002,ND-0116,ND-0136,P3,false,162.0,4.8,400,0.95,话音,VUHF
CD-0090,TS-0002,ND-0048,ND-0064,P2,false,50.1,32,250,0.995,数据,HF
CD-0091,TS-0002,ND-0104,ND-0084,P3,false,70.6,32,150,0.99,数据,VUHF
CD-0092,TS-0002,ND-0104,ND-0080,P3,false,206.3,4.8,250,0.9,话音,VUHF
CD-0093,TS-0002,ND-0088,ND-0108,P2,true,157.4,32,800,0.9,数据,VUHF
CD-0094,TS-0002,ND-0024,ND-0052,P2,false,161.7,4.8,150,0.9,话音,HF
CD-0095,TS-0002,ND-0152,ND-0011,P2,false,58.2,32,250,0.95,数据,VUHF
CD-0096,TS-0002,ND-0011,ND-0070,P3,false,98.6,1.2,250,0.9,短消息,VUHF
CD-0097,TS-0002,ND-0100,ND-0120,P2,true,227.1,32,400,0.99,数据,VUHF
CD-0098,TS-0002,ND-0088,ND-0082,P3,false,191.1,1.2,250,0.9,短消息,VUHF
CD-0099,TS-0002,ND-0092,ND-0068,P2,true,183.0,4.8,400,0.95,话音,VUHF
CD-0100,TS-0002,ND-0072,ND-0017,P3,false,17.9,32,400,0.995,数据,VUHF
CD-0101,TS-0002,ND-0132,ND-0134,P2,false,136.9,4.8,800,0.99,话音,VUHF
CD-0102,TS-0002,ND-0120,ND-0088,P3,false,230.0,32,250,0.99,数据,VUHF
CD-0103,TS-0002,ND-0072,ND-0128,P2,false,95.1,32,400,0.95,数据,VUHF
CD-0104,TS-0002,ND-0108,ND-0080,P2,false,223.6,32,400,0.9,数据,VUHF
CD-0105,TS-0002,ND-0144,ND-0011,P2,true,229.7,1.2,250,0.995,短消息,VUHF
CD-0106,TS-0002,ND-0152,ND-0128,P3,false,166.1,4.8,400,0.995,话音,VUHF
CD-0107,TS-0002,ND-0092,ND-0138,P3,false,2.4,4.8,400,0.995,话音,VUHF
CD-0108,TS-0002,ND-0148,ND-0136,P2,false,119.2,4.8,250,0.99,话音,VUHF
CD-0109,TS-0002,ND-0120,ND-0116,P2,true,205.5,4.8,250,0.9,话音,VUHF
CD-0110,TS-0002,ND-0096,ND-0152,P3,false,89.8,32,400,0.995,数据,VUHF
CD-0111,TS-0002,ND-0124,ND-0153,P2,false,230.6,32,250,0.95,数据,VUHF
CD-0112,TS-0002,ND-0116,ND-0127,P3,false,8.8,4.8,250,0.995,话音,VUHF
CD-0113,TS-0002,ND-0076,ND-0156,P3,false,160.3,32,400,0.9,数据,VUHF
CD-0114,TS-0002,ND-0076,ND-0011,P3,false,186.5,1.2,150,0.9,短消息,VUHF
CD-0115,TS-0002,ND-0001,ND-0036,P3,false,183.0,4.8,800,0.9,话音,HF
CD-0116,TS-0002,ND-0036,ND-0032,P2,false,137.0,32,800,0.99,数据,HF
CD-0117,TS-0002,ND-0108,ND-0144,P3,false,169.9,1.2,150,0.95,短消息,VUHF
CD-0118,TS-0002,ND-0132,ND-0144,P2,true,209.9,4.8,150,0.995,话音,VUHF
CD-0119,TS-0002,ND-0100,ND-0129,P2,false,65.4,4.8,250,0.995,话音,VUHF
CD-0120,TS-0002,ND-0044,ND-0064,P3,false,171.7,1.2,400,0.99,短消息,HF
CD-0121,TS-0002,ND-0092,ND-0108,P3,false,101.4,4.8,800,0.95,话音,VUHF
CD-0122,TS-0002,ND-0004,ND-0060,P3,false,109.4,4.8,150,0.9,话音,HF
CD-0123,TS-0002,ND-0032,ND-0004,P3,false,38.8,32,150,0.995,数据,HF
CD-0124,TS-0002,ND-0088,ND-0068,P3,false,43.2,32,400,0.9,数据,VUHF
CD-0125,TS-0002,ND-0056,ND-0064,P2,false,183.4,32,250,0.9,数据,HF
CD-0126,TS-0002,ND-0011,ND-0140,P3,false,51.4,1.2,150,0.95,短消息,VUHF
CD-0127,TS-0002,ND-0120,ND-0068,P2,false,96.3,32,400,0.9,数据,VUHF
CD-0128,TS-0002,ND-0128,ND-0116,P3,false,118.6,32,800,0.9,数据,VUHF
CD-0129,TS-0002,ND-0152,ND-0088,P3,false,102.6,4.8,800,0.9,话音,VUHF
CD-0130,TS-0002,ND-0112,ND-0080,P2,true,164.8,4.8,800,0.995,话音,VUHF
CD-0131,TS-0002,ND-0136,ND-0092,P2,false,152.4,1.2,400,0.99,短消息,VUHF
CD-0132,TS-0002,ND-0140,ND-0104,P2,false,36.0,4.8,250,0.9,话音,VUHF
CD-0133,TS-0002,ND-0096,ND-0086,P3,false,235.5,1.2,150,0.99,短消息,VUHF
CD-0134,TS-0002,ND-0088,ND-0116,P2,true,65.9,4.8,150,0.9,话音,VUHF
CD-0135,TS-0002,ND-0120,ND-0132,P2,true,199.3,1.2,250,0.99,短消息,VUHF
CD-0136,TS-0002,ND-0028,ND-0001,P2,false,200.2,1.2,250,0.95,短消息,HF
CD-0137,TS-0002,ND-0116,ND-0129,P3,false,197.7,4.8,250,0.9,话音,VUHF
CD-0138,TS-0002,ND-0056,ND-0001,P2,false,101.3,32,400,0.9,数据,HF
CD-0139,TS-0002,ND-0132,ND-0128,P3,false,210.4,4.8,400,0.95,话音,VUHF
CD-0140,TS-0003,ND-0097,ND-0109,P3,false,213.7,1.2,400,0.95,短消息,VUHF
CD-0141,TS-0003,ND-0097,ND-0129,P3,false,227.9,1.2,400,0.99,短消息,VUHF
CD-0142,TS-0003,ND-0069,ND-0133,P3,false,214.8,1.2,150,0.995,短消息,VUHF
CD-0143,TS-0003,ND-0133,ND-0097,P3,false,180.8,32,800,0.9,数据,VUHF
CD-0144,TS-0003,ND-0153,ND-0073,P2,false,22.1,32,250,0.9,数据,VUHF
CD-0145,TS-0003,ND-0145,ND-0093,P3,false,17.1,1.2,250,0.99,短消息,VUHF
CD-0146,TS-0003,ND-0037,ND-0065,P2,true,221.8,4.8,800,0.95,话音,HF
CD-0147,TS-0003,ND-0029,ND-0031,P2,false,230.5,4.8,150,0.9,话音,HF
CD-0148,TS-0003,ND-0073,ND-0117,P2,false,72.1,4.8,400,0.95,话音,VUHF
CD-0149,TS-0003,ND-0125,ND-0067,P3,false,67.8,4.8,150,0.99,话音,VUHF
CD-0150,TS-0003,ND-0085,ND-0148,P3,false,59.8,4.8,800,0.99,话音,VUHF
CD-0151,TS-0003,ND-0125,ND-0097,P3,false,45.2,32,800,0.9,数据,VUHF
CD-0152,TS-0003,ND-0033,ND-0049,P2,false,76.7,32,800,0.99,数据,HF
CD-0153,TS-0003,ND-0101,ND-0145,P2,true,225.4,32,400,0.9,数据,VUHF
CD-0154,TS-0003,ND-0129,ND-0153,P2,false,104.0,1.2,800,0.95,短消息,VUHF
CD-0155,TS-0003,ND-0145,ND-0097,P3,false,146.0,1.2,150,0.99,短消息,VUHF
CD-0156,TS-0003,ND-0081,ND-0125,P3,false,100.8,4.8,150,0.95,话音,VUHF
CD-0157,TS-0003,ND-0117,ND-0103,P3,false,238.5,4.8,800,0.99,话音,VUHF
CD-0158,TS-0003,ND-0057,ND-0029,P2,true,27.1,4.8,400,0.95,话音,HF
CD-0159,TS-0003,ND-0137,ND-0153,P2,true,170.4,4.8,800,0.995,话音,VUHF
CD-0160,TS-0003,ND-0105,ND-0149,P3,false,188.6,4.8,150,0.995,话音,VUHF
CD-0161,TS-0003,ND-0133,ND-0151,P3,false,199.4,4.8,800,0.95,话音,VUHF
CD-0162,TS-0003,ND-0077,ND-0011,P2,false,215.7,1.2,250,0.995,短消息,VUHF
CD-0163,TS-0003,ND-0109,ND-0117,P3,false,136.2,1.2,800,0.99,短消息,VUHF
CD-0164,TS-0003,ND-0109,ND-0018,P2,true,40.6,32,250,0.99,数据,VUHF
CD-0165,TS-0003,ND-0073,ND-0021,P3,false,234.3,4.8,400,0.995,话音,VUHF
CD-0166,TS-0003,ND-0149,ND-0069,P3,false,111.8,1.2,400,0.95,短消息,VUHF
CD-0167,TS-0003,ND-0105,ND-0150,P3,false,181.4,4.8,800,0.9,话音,VUHF
CD-0168,TS-0003,ND-0113,ND-0145,P2,false,49.6,32,150,0.99,数据,VUHF
CD-0169,TS-0003,ND-0113,ND-0135,P3,false,230.7,1.2,400,0.99,短消息,VUHF
CD-0170,TS-0003,ND-0105,ND-0073,P3,false,180.7,4.8,800,0.99,话音,VUHF
CD-0171,TS-0003,ND-0153,ND-0105,P3,false,180.9,4.8,400,0.995,话音,VUHF
CD-0172,TS-0003,ND-0025,ND-0041,P2,false,138.4,1.2,400,0.99,短消息,HF
CD-0173,TS-0003,ND-0097,ND-0113,P3,false,210.4,4.8,250,0.9,话音,VUHF
CD-0174,TS-0003,ND-0117,ND-0149,P2,false,225.1,1.2,250,0.995,短消息,VUHF
CD-0175,TS-0003,ND-0117,ND-0101,P2,false,89.8,4.8,400,0.95,话音,VUHF
CD-0176,TS-0003,ND-0137,ND-0122,P2,false,12.3,4.8,250,0.99,话音,VUHF
CD-0177,TS-0003,ND-0077,ND-0137,P2,false,237.3,4.8,800,0.95,话音,VUHF
CD-0178,TS-0003,ND-0113,ND-0121,P3,false,26.1,4.8,800,0.95,话音,VUHF
CD-0179,TS-0003,ND-0085,ND-0109,P3,false,113.1,32,800,0.95,数据,VUHF
CD-0180,TS-0003,ND-0053,ND-0001,P2,false,156.1,1.2,250,0.99,短消息,HF
CD-0181,TS-0003,ND-0073,ND-0122,P2,false,107.0,4.8,150,0.99,话音,VUHF
CD-0182,TS-0003,ND-0117,ND-0085,P3,false,159.8,4.8,150,0.995,话音,VUHF
CD-0183,TS-0003,ND-0057,ND-0025,P3,false,76.1,4.8,150,0.95,话音,HF
CD-0184,TS-0003,ND-0089,ND-0105,P3,false,222.5,1.2,800,0.95,短消息,VUHF
CD-0185,TS-0003,ND-0053,ND-0065,P2,false,214.6,4.8,400,0.95,话音,HF
CD-0186,TS-0003,ND-0133,ND-0113,P3,false,202.1,32,800,0.995,数据,VUHF
CD-0187,TS-0003,ND-0105,ND-0069,P2,false,218.8,4.8,800,0.99,话音,VUHF
CD-0188,TS-0003,ND-0101,ND-0149,P2,false,122.0,32,150,0.995,数据,VUHF
CD-0189,TS-0003,ND-0145,ND-0141,P2,false,29.2,1.2,400,0.99,短消息,VUHF
CD-0190,TS-0003,ND-0033,ND-0041,P3,false,21.7,32,250,0.95,数据,HF
CD-0191,TS-0003,ND-0049,ND-0065,P2,false,23.6,4.8,150,0.9,话音,HF
CD-0192,TS-0003,ND-0105,ND-0140,P2,false,168.2,4.8,150,0.95,话音,VUHF
CD-0193,TS-0003,ND-0093,ND-0067,P3,false,180.3,32,800,0.95,数据,VUHF
CD-0194,TS-0003,ND-0093,ND-0107,P2,false,21.6,32,800,0.95,数据,VUHF
CD-0195,TS-0003,ND-0137,ND-0109,P3,false,239.0,32,150,0.99,数据,VUHF
CD-0196,TS-0003,ND-0105,ND-0125,P2,true,23.4,32,800,0.995,数据,VUHF
CD-0197,TS-0003,ND-0153,ND-0069,P3,false,4.3,4.8,150,0.99,话音,VUHF
CD-0198,TS-0003,ND-0125,ND-0127,P3,false,188.3,32,400,0.99,数据,VUHF
CD-0199,TS-0003,ND-0141,ND-0099,P3,false,232.2,1.2,150,0.95,短消息,VUHF
CD-0200,TS-0003,ND-0081,ND-0137,P3,false,36.3,32,250,0.9,数据,VUHF
CD-0201,TS-0003,ND-0137,ND-0093,P3,false,150.0,4.8,250,0.99,话音,VUHF
CD-0202,TS-0003,ND-0077,ND-0141,P2,true,215.6,1.2,150,0.9,短消息,VUHF
CD-0203,TS-0003,ND-0137,ND-0145,P2,false,193.2,1.2,150,0.995,短消息,VUHF
CD-0204,TS-0003,ND-0153,ND-0113,P3,false,180.5,4.8,400,0.95,话音,VUHF
CD-0205,TS-0004,ND-0098,ND-0125,P3,false,41.9,1.2,400,0.95,短消息,VUHF
CD-0206,TS-0004,ND-0110,ND-0082,P2,false,3.6,4.8,150,0.9,话音,VUHF
CD-0207,TS-0004,ND-0030,ND-0049,P2,false,238.9,4.8,250,0.9,话音,HF
CD-0208,TS-0004,ND-0134,ND-0142,P3,false,47.7,32,800,0.995,数据,VUHF
CD-0209,TS-0004,ND-0090,ND-0009,P3,false,236.5,1.2,400,0.9,短消息,VUHF
CD-0210,TS-0004,ND-0034,ND-0026,P2,false,11.9,4.8,150,0.995,话音,HF
CD-0211,TS-0004,ND-0102,ND-0104,P3,false,227.1,4.8,800,0.9,话音,VUHF
CD-0212,TS-0004,ND-0130,ND-0110,P3,false,27.4,1.2,150,0.995,短消息,VUHF
CD-0213,TS-0004,ND-0030,ND-0064,P3,false,232.2,4.8,800,0.995,话音,HF
CD-0214,TS-0004,ND-0074,ND-0146,P2,false,117.3,1.2,150,0.995,短消息,VUHF
CD-0215,TS-0004,ND-0130,ND-0134,P2,false,197.2,4.8,800,0.95,话音,VUHF
CD-0216,TS-0004,ND-0094,ND-0098,P3,false,204.8,4.8,150,0.995,话音,VUHF
CD-0217,TS-0004,ND-0042,ND-0030,P2,true,15.2,4.8,800,0.995,话音,HF
CD-0218,TS-0004,ND-0026,ND-0029,P2,false,209.0,4.8,250,0.99,话音,HF
CD-0219,TS-0004,ND-0074,ND-0078,P2,false,106.2,32,150,0.99,数据,VUHF
CD-0220,TS-0004,ND-0146,ND-0080,P2,false,196.9,1.2,800,0.9,短消息,VUHF
CD-0221,TS-0004,ND-0130,ND-0146,P2,false,81.8,4.8,150,0.995,话音,VUHF
CD-0222,TS-0004,ND-0150,ND-0098,P3,false,125.2,4.8,150,0.95,话音,VUHF
CD-0223,TS-0004,ND-0098,ND-0082,P3,false,223.5,4.8,800,0.9,话音,VUHF
CD-0224,TS-0004,ND-0074,ND-0134,P2,true,168.4,4.8,400,0.99,话音,VUHF
CD-0225,TS-0004,ND-0118,ND-0122,P3,false,156.2,4.8,150,0.99,话音,VUHF
CD-0226,TS-0004,ND-0114,ND-0122,P2,false,180.8,4.8,250,0.995,话音,VUHF
CD-0227,TS-0004,ND-0058,ND-0035,P2,true,93.2,32,250,0.95,数据,HF
CD-0228,TS-0004,ND-0122,ND-0078,P3,false,100.6,1.2,400,0.99,短消息,VUHF
CD-0229,TS-0004,ND-0154,ND-0079,P3,false,45.7,4.8,400,0.995,话音,VUHF
CD-0230,TS-0004,ND-0110,ND-0134,P3,false,236.3,4.8,150,0.9,话音,VUHF
CD-0231,TS-0004,ND-0134,ND-0118,P3,false,194.8,1.2,150,0.99,短消息,VUHF
CD-0232,TS-0004,ND-0038,ND-0058,P2,false,203.0,1.2,250,0.995,短消息,HF
CD-0233,TS-0004,ND-0102,ND-0146,P3,false,164.9,4.8,800,0.95,话音,VUHF
CD-0234,TS-0004,ND-0138,ND-0144,P3,false,102.3,4.8,800,0.99,话音,VUHF
CD-0235,TS-0004,ND-0150,ND-0090,P2,false,32.8,32,150,0.95,数据,VUHF
CD-0236,TS-0004,ND-0138,ND-0020,P3,false,224.1,4.8,800,0.99,话音,VUHF
CD-0237,TS-0004,ND-0154,ND-0106,P3,false,90.2,4.8,400,0.95,话音,VUHF
CD-0238,TS-0004,ND-0046,ND-0054,P3,false,166.3,4.8,150,0.99,话音,HF
CD-0239,TS-0004,ND-0026,ND-0030,P2,false,48.2,1.2,150,0.95,短消息,HF
CD-0240,TS-0004,ND-0058,ND-0026,P3,false,126.9,1.2,800,0.995,短消息,HF
CD-0241,TS-0004,ND-0070,ND-0134,P2,false,16.7,32,250,0.995,数据,VUHF
CD-0242,TS-0004,ND-0050,ND-0044,P3,false,115.8,32,800,0.9,数据,HF
CD-0243,TS-0004,ND-0102,ND-0138,P3,false,121.4,4.8,400,0.9,话音,VUHF
CD-0244,TS-0004,ND-0034,ND-0038,P3,false,80.7,1.2,250,0.9,短消息,HF
CD-0245,TS-0004,ND-0078,ND-0118,P2,false,208.9,1.2,250,0.95,短消息,VUHF
CD-0246,TS-0004,ND-0050,ND-0033,P3,false,171.1,4.8,800,0.95,话音,HF
CD-0247,TS-0004,ND-0054,ND-0038,P3,false,198.8,4.8,250,0.9,话音,HF
CD-0248,TS-0004,ND-0038,ND-0055,P3,false,160.5,32,800,0.99,数据,HF
CD-0249,TS-0004,ND-0054,ND-0066,P3,false,92.6,1.2,400,0.9,短消息,HF
CD-0250,TS-0004,ND-0134,ND-0067,P2,false,211.6,32,250,0.95,数据,VUHF
CD-0251,TS-0004,ND-0094,ND-0156,P3,false,140.3,1.2,250,0.99,短消息,VUHF
CD-0252,TS-0004,ND-0154,ND-0075,P2,false,70.2,32,150,0.995,数据,VUHF
CD-0253,TS-0004,ND-0062,ND-0038,P3,false,105.3,1.2,150,0.995,短消息,HF
CD-0254,TS-0004,ND-0034,ND-0051,P3,false,126.1,4.8,150,0.95,话音,HF
CD-0255,TS-0004,ND-0094,ND-0110,P3,false,178.8,4.8,150,0.9,话音,VUHF
CD-0256,TS-0004,ND-0130,ND-0101,P3,false,201.9,4.8,400,0.99,话音,VUHF
CD-0257,TS-0004,ND-0142,ND-0074,P3,false,157.1,1.2,400,0.995,短消息,VUHF
CD-0258,TS-0005,ND-0018,ND-0129,P3,false,69.8,32,800,0.99,数据,VUHF
CD-0259,TS-0005,ND-0022,ND-0138,P3,false,55.0,1.2,250,0.9,短消息,VUHF
CD-0260,TS-0005,ND-0095,ND-0087,P2,false,224.5,4.8,800,0.9,话音,VUHF
CD-0261,TS-0005,ND-0043,ND-0055,P2,false,193.0,4.8,150,0.995,话音,HF
CD-0262,TS-0005,ND-0151,ND-0013,P3,false,139.2,4.8,150,0.995,话音,VUHF
CD-0263,TS-0005,ND-0151,ND-0091,P3,false,44.8,32,400,0.995,数据,VUHF
CD-0264,TS-0005,ND-0047,ND-0064,P2,false,202.5,4.8,800,0.995,话音,HF
CD-0265,TS-0005,ND-0003,ND-0055,P3,false,205.8,4.8,800,0.995,话音,HF
CD-0266,TS-0005,ND-0095,ND-0147,P2,true,53.2,4.8,250,0.9,话音,VUHF
CD-0267,TS-0005,ND-0013,ND-0119,P3,false,52.3,4.8,400,0.995,话音,VUHF
CD-0268,TS-0005,ND-0107,ND-0106,P3,false,93.3,1.2,400,0.95,短消息,VUHF
CD-0269,TS-0005,ND-0022,ND-0131,P1,true,67.6,32,150,0.995,数据,VUHF
CD-0270,TS-0005,ND-0016,ND-0103,P2,true,156.9,1.2,400,0.95,短消息,VUHF
CD-0271,TS-0005,ND-0155,ND-0107,P3,false,209.9,4.8,250,0.99,话音,VUHF
CD-0272,TS-0005,ND-0143,ND-0119,P2,true,36.8,1.2,250,0.9,短消息,VUHF
CD-0273,TS-0005,ND-0016,ND-0097,P3,false,191.6,1.2,250,0.995,短消息,VUHF
CD-0274,TS-0005,ND-0131,ND-0014,P1,true,54.5,4.8,150,0.95,话音,VUHF
CD-0275,TS-0005,ND-0015,ND-0131,P1,true,32.0,4.8,800,0.95,话音,VUHF
CD-0276,TS-0005,ND-0095,ND-0022,P2,true,190.3,32,400,0.99,数据,VUHF
CD-0277,TS-0005,ND-0003,ND-0052,P2,true,31.4,1.2,400,0.95,短消息,HF
CD-0278,TS-0005,ND-0016,ND-0113,P3,false,178.0,4.8,250,0.99,话音,VUHF
CD-0279,TS-0005,ND-0123,ND-0075,P3,false,111.8,4.8,250,0.995,话音,VUHF
CD-0280,TS-0005,ND-0055,ND-0031,P2,false,175.9,4.8,400,0.99,话音,HF
CD-0281,TS-0005,ND-0051,ND-0027,P3,false,159.3,32,150,0.95,数据,HF
CD-0282,TS-0005,ND-0019,ND-0016,P1,true,237.3,32,250,0.995,数据,VUHF
CD-0283,TS-0005,ND-0014,ND-0079,P2,false,117.4,32,400,0.995,数据,VUHF
CD-0284,TS-0005,ND-0005,ND-0008,P1,true,143.2,32,800,0.99,数据,HF
CD-0285,TS-0005,ND-0012,ND-0009,P1,true,29.5,4.8,150,0.95,话音,VUHF
CD-0286,TS-0005,ND-0013,ND-0149,P2,false,183.1,4.8,400,0.99,话音,VUHF
CD-0287,TS-0005,ND-0135,ND-0079,P3,false,165.3,1.2,400,0.995,短消息,VUHF
CD-0288,TS-0005,ND-0010,ND-0115,P2,true,82.1,4.8,800,0.995,话音,VUHF
CD-0289,TS-0005,ND-0008,ND-0059,P2,false,107.3,4.8,250,0.995,话音,HF
CD-0290,TS-0005,ND-0151,ND-0155,P2,false,26.4,32,800,0.95,数据,VUHF
CD-0291,TS-0005,ND-0016,ND-0095,P3,false,36.4,4.8,400,0.9,话音,VUHF
CD-0292,TS-0005,ND-0099,ND-0009,P2,false,209.6,1.2,400,0.995,短消息,VUHF
CD-0293,TS-0005,ND-0155,ND-0130,P3,false,34.5,4.8,250,0.95,话音,VUHF
CD-0294,TS-0005,ND-0010,ND-0119,P2,false,112.5,32,800,0.995,数据,VUHF
CD-0295,TS-0005,ND-0010,ND-0143,P2,true,104.3,4.8,400,0.95,话音,VUHF
CD-0296,TS-0005,ND-0083,ND-0019,P3,false,230.1,32,150,0.9,数据,VUHF
CD-0297,TS-0005,ND-0139,ND-0095,P2,true,175.3,4.8,150,0.99,话音,VUHF
CD-0298,TS-0005,ND-0091,ND-0022,P3,false,68.8,4.8,400,0.995,话音,VUHF
CD-0299,TS-0005,ND-0139,ND-0022,P2,false,221.0,1.2,800,0.95,短消息,VUHF
CD-0300,TS-0005,ND-0018,ND-0124,P2,true,170.1,4.8,150,0.9,话音,VUHF
CD-0301,TS-0005,ND-0143,ND-0091,P2,true,227.3,4.8,150,0.99,话音,VUHF
CD-0302,TS-0005,ND-0123,ND-0087,P2,false,64.9,32,800,0.995,数据,VUHF
CD-0303,TS-0005,ND-0103,ND-0075,P2,false,148.7,4.8,800,0.95,话音,VUHF
CD-0304,TS-0005,ND-0143,ND-0067,P2,false,213.9,4.8,150,0.95,话音,VUHF
CD-0305,TS-0005,ND-0111,ND-0150,P2,false,34.6,4.8,400,0.95,话音,VUHF
CD-0306,TS-0005,ND-0015,ND-0110,P3,false,212.7,4.8,400,0.95,话音,VUHF
CD-0307,TS-0005,ND-0022,ND-0014,P1,true,200.5,4.8,150,0.9,话音,VUHF
CD-0308,TS-0005,ND-0139,ND-0155,P2,true,198.5,1.2,150,0.9,短消息,VUHF
CD-0309,TS-0005,ND-0099,ND-0082,P3,false,232.8,4.8,400,0.99,话音,VUHF
CD-0310,TS-0005,ND-0091,ND-0107,P3,false,57.6,4.8,800,0.95,话音,VUHF
CD-0311,TS-0005,ND-0115,ND-0022,P3,false,190.9,32,250,0.995,数据,VUHF
CD-0312,TS-0005,ND-0016,ND-0114,P2,false,147.6,1.2,400,0.95,短消息,VUHF
CD-0313,TS-0005,ND-0091,ND-0013,P2,false,61.5,32,800,0.99,数据,VUHF
CD-0314,TS-0005,ND-0009,ND-0133,P3,false,27.2,1.2,250,0.99,短消息,VUHF
CD-0315,TS-0005,ND-0099,ND-0156,P2,true,64.3,32,250,0.99,数据,VUHF
CD-0316,TS-0005,ND-0055,ND-0029,P2,false,92.9,1.2,400,0.95,短消息,HF
CD-0317,TS-0005,ND-0067,ND-0022,P3,false,71.8,1.2,800,0.995,短消息,VUHF
CD-0318,TS-0005,ND-0131,ND-0021,P1,true,236.8,4.8,250,0.9,话音,VUHF
CD-0319,TS-0005,ND-0047,ND-0023,P3,false,46.1,4.8,150,0.9,话音,HF
CD-0320,TS-0005,ND-0127,ND-0104,P2,true,86.0,32,250,0.995,数据,VUHF
CD-0321,TS-0005,ND-0103,ND-0153,P3,false,185.5,32,800,0.95,数据,VUHF
CD-0322,TS-0005,ND-0043,ND-0031,P2,false,162.9,4.8,400,0.9,话音,HF
CD-0323,TS-0005,ND-0099,ND-0151,P3,false,191.6,4.8,250,0.99,话音,VUHF
CD-0324,TS-0005,ND-0115,ND-0139,P2,false,90.2,32,150,0.9,数据,VUHF
CD-0325,TS-0005,ND-0010,ND-0071,P3,false,11.7,32,150,0.9,数据,VUHF
CD-0326,TS-0005,ND-0143,ND-0016,P3,false,8.6,32,800,0.95,数据,VUHF
CD-0327,TS-0005,ND-0155,ND-0126,P2,false,207.5,1.2,250,0.95,短消息,VUHF
CD-0328,TS-0005,ND-0039,ND-0023,P3,false,133.1,1.2,800,0.99,短消息,HF
CD-0329,TS-0005,ND-0013,ND-0015,P1,true,100.5,4.8,250,0.995,话音,VUHF
CD-0330,TS-0005,ND-0143,ND-0146,P3,false,211.5,4.8,400,0.995,话音,VUHF
CD-0331,TS-0005,ND-0021,ND-0152,P2,false,191.3,32,400,0.95,数据,VUHF
CD-0332,TS-0005,ND-0035,ND-0037,P2,false,217.8,1.2,800,0.95,短消息,HF
CD-0333,TS-0005,ND-0012,ND-0083,P3,false,97.1,4.8,400,0.995,话音,VUHF
CD-0334,TS-0005,ND-0005,ND-0036,P3,false,110.7,4.8,150,0.995,话音,HF
CD-0335,TS-0005,ND-0006,ND-0002,P1,true,13.8,32,250,0.99,数据,HF
CD-0336,TS-0005,ND-0091,ND-0103,P3,false,182.1,4.8,150,0.95,话音,VUHF
CD-0337,TS-0005,ND-0022,ND-0010,P1,true,20.7,4.8,400,0.995,话音,VUHF
CD-0338,TS-0005,ND-0008,ND-0006,P1,true,160.9,4.8,800,0.995,话音,HF
CD-0339,TS-0005,ND-0012,ND-0123,P2,true,61.9,4.8,800,0.95,话音,VUHF
CD-0340,TS-0005,ND-0079,ND-0100,P3,false,26.9,4.8,250,0.995,话音,VUHF
CD-0341,TS-0005,ND-0021,ND-0144,P2,false,164.1,4.8,800,0.99,话音,VUHF
CD-0342,TS-0005,ND-0151,ND-0016,P3,false,184.4,32,250,0.95,数据,VUHF
CD-0343,TS-0006,ND-0028,ND-0004,P2,false,91.4,32,800,0.99,数据,HF
CD-0344,TS-0006,ND-0140,ND-0114,P3,false,36.8,32,150,0.995,数据,VUHF
CD-0345,TS-0006,ND-0017,ND-0068,P3,false,15.4,4.8,250,0.9,话音,VUHF
CD-0346,TS-0006,ND-0128,ND-0152,P3,false,203.2,4.8,150,0.995,话音,VUHF
CD-0347,TS-0006,ND-0024,ND-0040,P3,false,236.1,32,150,0.95,数据,HF
CD-0348,TS-0006,ND-0084,ND-0148,P3,false,16.6,4.8,150,0.9,话音,VUHF
CD-0349,TS-0006,ND-0100,ND-0156,P3,false,109.2,4.8,800,0.99,话音,VUHF
CD-0350,TS-0006,ND-0120,ND-0088,P3,false,5.7,4.8,800,0.995,话音,VUHF
CD-0351,TS-0006,ND-0011,ND-0148,P3,false,12.7,4.8,400,0.95,话音,VUHF
CD-0352,TS-0006,ND-0096,ND-0152,P2,false,121.8,4.8,250,0.9,话音,VUHF
CD-0353,TS-0006,ND-0132,ND-0123,P2,false,198.9,4.8,400,0.995,话音,VUHF
CD-0354,TS-0006,ND-0080,ND-0120,P2,false,24.3,1.2,400,0.9,短消息,VUHF
CD-0355,TS-0006,ND-0080,ND-0068,P3,false,185.2,4.8,400,0.95,话音,VUHF
CD-0356,TS-0006,ND-0112,ND-0086,P2,true,50.3,4.8,150,0.995,话音,VUHF
CD-0357,TS-0006,ND-0116,ND-0088,P2,false,19.4,1.2,150,0.9,短消息,VUHF
CD-0358,TS-0006,ND-0072,ND-0112,P3,false,160.8,4.8,150,0.95,话音,VUHF
CD-0359,TS-0006,ND-0080,ND-0088,P3,false,147.2,32,250,0.99,数据,VUHF
CD-0360,TS-0006,ND-0144,ND-0104,P2,false,225.9,32,400,0.995,数据,VUHF
CD-0361,TS-0006,ND-0072,ND-0092,P3,false,181.9,1.2,800,0.995,短消息,VUHF
CD-0362,TS-0006,ND-0064,ND-0051,P2,false,187.8,4.8,250,0.9,话音,HF
CD-0363,TS-0006,ND-0080,ND-0135,P2,false,231.2,4.8,150,0.995,话音,VUHF
CD-0364,TS-0006,ND-0084,ND-0017,P3,false,44.1,4.8,250,0.99,话音,VUHF
CD-0365,TS-0006,ND-0152,ND-0088,P3,false,70.5,32,250,0.9,数据,VUHF
CD-0366,TS-0006,ND-0100,ND-0086,P3,false,87.5,4.8,250,0.95,话音,VUHF
CD-0367,TS-0006,ND-0072,ND-0011,P3,false,196.1,4.8,400,0.995,话音,VUHF
CD-0368,TS-0006,ND-0096,ND-0140,P2,false,152.7,4.8,250,0.99,话音,VUHF
CD-0369,TS-0006,ND-0124,ND-0092,P3,false,69.4,32,800,0.95,数据,VUHF
CD-0370,TS-0006,ND-0011,ND-0112,P2,false,122.1,32,400,0.95,数据,VUHF
CD-0371,TS-0006,ND-0011,ND-0136,P3,false,174.0,32,150,0.95,数据,VUHF
CD-0372,TS-0006,ND-0116,ND-0156,P3,false,234.0,4.8,800,0.95,话音,VUHF
CD-0373,TS-0006,ND-0068,ND-0146,P2,true,17.8,4.8,400,0.95,话音,VUHF
CD-0374,TS-0006,ND-0080,ND-0138,P3,false,104.9,4.8,400,0.9,话音,VUHF
CD-0375,TS-0006,ND-0144,ND-0076,P3,false,164.1,32,800,0.95,数据,VUHF
CD-0376,TS-0006,ND-0092,ND-0148,P3,false,49.9,1.2,800,0.95,短消息,VUHF
CD-0377,TS-0006,ND-0156,ND-0093,P2,true,24.7,1.2,800,0.95,短消息,VUHF
CD-0378,TS-0006,ND-0060,ND-0007,P2,false,184.3,32,150,0.995,数据,HF
CD-0379,TS-0006,ND-0104,ND-0072,P3,false,55.2,4.8,250,0.95,话音,VUHF
CD-0380,TS-0006,ND-0048,ND-0026,P3,false,106.5,4.8,800,0.99,话音,HF
CD-0381,TS-0006,ND-0004,ND-0040,P2,false,105.9,4.8,150,0.9,话音,HF
CD-0382,TS-0006,ND-0112,ND-0099,P3,false,230.9,1.2,400,0.995,短消息,VUHF
CD-0383,TS-0006,ND-0120,ND-0092,P3,false,206.9,1.2,400,0.95,短消息,VUHF
CD-0384,TS-0006,ND-0096,ND-0128,P3,false,172.2,4.8,800,0.995,话音,VUHF
CD-0385,TS-0006,ND-0120,ND-0019,P2,true,222.2,4.8,150,0.995,话音,VUHF
CD-0386,TS-0006,ND-0156,ND-0127,P3,false,209.1,4.8,250,0.9,话音,VUHF
CD-0387,TS-0006,ND-0104,ND-0011,P3,false,117.8,32,150,0.99,数据,VUHF
CD-0388,TS-0006,ND-0076,ND-0072,P2,false,6.9,4.8,250,0.95,话音,VUHF
CD-0389,TS-0006,ND-0152,ND-0112,P3,false,60.3,1.2,250,0.995,短消息,VUHF
CD-0390,TS-0006,ND-0144,ND-0120,P2,false,117.3,4.8,150,0.95,话音,VUHF
CD-0391,TS-0006,ND-0064,ND-0056,P2,false,210.1,4.8,800,0.995,话音,HF
CD-0392,TS-0006,ND-0120,ND-0101,P2,true,2.1,4.8,250,0.95,话音,VUHF
CD-0393,TS-0006,ND-0011,ND-0156,P3,false,239.3,4.8,400,0.995,话音,VUHF
CD-0394,TS-0006,ND-0092,ND-0139,P2,false,96.1,4.8,250,0.95,话音,VUHF
CD-0395,TS-0006,ND-0001,ND-0024,P2,false,3.1,32,800,0.95,数据,HF
CD-0396,TS-0006,ND-0116,ND-0120,P3,false,140.9,32,800,0.995,数据,VUHF
CD-0397,TS-0006,ND-0112,ND-0116,P2,true,228.6,4.8,400,0.95,话音,VUHF
CD-0398,TS-0006,ND-0136,ND-0014,P2,true,111.0,1.2,250,0.99,短消息,VUHF
CD-0399,TS-0006,ND-0128,ND-0101,P3,false,61.5,32,400,0.95,数据,VUHF
CD-0400,TS-0006,ND-0084,ND-0144,P3,false,75.4,4.8,800,0.99,话音,VUHF
CD-0401,TS-0006,ND-0064,ND-0025,P2,false,160.3,4.8,800,0.9,话音,HF
CD-0402,TS-0006,ND-0011,ND-0140,P2,false,8.0,32,250,0.9,数据,VUHF
CD-0403,TS-0006,ND-0112,ND-0096,P2,false,193.2,32,250,0.9,数据,VUHF
CD-0404,TS-0006,ND-0092,ND-0017,P3,false,37.2,1.2,800,0.9,短消息,VUHF
CD-0405,TS-0006,ND-0152,ND-0108,P3,false,142.5,32,400,0.9,数据,VUHF
CD-0406,TS-0006,ND-0116,ND-0068,P3,false,203.0,1.2,400,0.99,短消息,VUHF
CD-0407,TS-0006,ND-0100,ND-0096,P3,false,64.1,4.8,150,0.99,话音,VUHF
CD-0408,TS-0006,ND-0140,ND-0104,P3,false,56.1,4.8,150,0.9,话音,VUHF
CD-0409,TS-0006,ND-0036,ND-0059,P2,false,17.0,32,250,0.99,数据,HF
CD-0410,TS-0006,ND-0088,ND-0112,P2,false,186.8,32,400,0.99,数据,VUHF
CD-0411,TS-0006,ND-0124,ND-0080,P3,false,238.2,4.8,400,0.95,话音,VUHF
