interference_id,name,lon,lat,elevation_m,antenna_height_m,center_freq_khz,bandwidth_khz,tx_power_dbm,antenna_gain_dbi,interference_type,pattern_type,azimuth_deg,duty_cycle,active
IF-0001,干扰源01,114.854682,37.106194,35.0,14.8,197093.7,6,46.8,9.7,PULSE,OMNI,182.4,1.0,true
IF-0002,干扰源02,114.726771,37.359079,37.0,18.1,3782.6,200,54.0,2.0,PULSE,DIRECTIONAL,264.2,1.0,true
IF-0003,干扰源03,114.703222,37.198026,33.0,17.1,465906.2,200,40.1,1.1,SWEEP,DIRECTIONAL,92.1,0.3,true
IF-0004,干扰源04,115.272585,37.453106,25.0,19.0,6913.0,3,37.7,4.7,PULSE,OMNI,264.0,0.6,true
IF-0005,干扰源05,114.275524,37.454664,226.0,28.3,319281.2,1000,46.4,11.5,PULSE,OMNI,110.9,0.1,true
IF-0006,干扰源06,114.534782,37.647775,60.0,7.7,4760.9,200,48.3,3.9,NOISE,OMNI,163.1,0.1,true
IF-0007,干扰源07,115.217059,37.853849,35.0,19.2,400739.6,3,51.7,1.0,SWEEP,DIRECTIONAL,315.8,0.1,true
IF-0008,干扰源08,114.296308,37.250929,245.0,27.0,7695.7,200,37.9,11.2,NOISE,OMNI,89.9,0.6,true
IF-0009,干扰源09,115.142738,37.450179,26.0,10.2,392593.8,6,45.7,7.5,NARROWBAND,DIRECTIONAL,292.0,0.6,true
IF-0010,干扰源10,114.514991,37.802108,67.0,23.1,8087.0,25,56.0,1.0,PULSE,OMNI,37.0,0.6,true
IF-0011,干扰源11,114.68644,37.263467,37.0,6.0,400739.6,200,48.8,1.2,NARROWBAND,DIRECTIONAL,1.0,1.0,true
IF-0012,干扰源12,114.995257,37.744666,40.0,18.9,10826.1,200,42.8,5.0,NOISE,OMNI,12.1,0.3,true
IF-0013,干扰源13,115.295823,37.705177,30.0,34.0,237822.9,200,58.9,7.4,NOISE,OMNI,67.6,0.3,false
IF-0014,干扰源14,114.902472,37.369077,27.0,22.2,7500.0,200,42.4,5.9,PULSE,OMNI,149.9,0.1,false
IF-0015,干扰源15,114.313106,37.53587,152.0,26.7,262260.4,6,58.3,4.8,NARROWBAND,DIRECTIONAL,170.1,0.3,false
IF-0016,干扰源16,114.61953,37.641771,49.0,9.6,5347.8,25,51.8,6.8,PULSE,OMNI,154.4,0.6,false
